player_id,player_name,pass_rapm,n_pass_plays,qb_run_rapm,n_qb_runs,combined_qb_rapm
00-0035228,Kyler Murray,0.015303240579119692,174,,0,-0.09802129287853177
00-0039376,Spencer Rattler,0.07300557571830052,264,,0,-0.040318957739350944
00-0039150,Bryce Young,0.05792127346004224,530,,0,-0.05540325999760922
00-0033119,Jacoby Brissett,0.14136281510733356,517,,0,0.028038281649682098
00-0036972,Mac Jones,0.12088848396576066,298,,0,0.0075639505081091934
00-0034869,Sam Darnold,0.20746309892960163,577,,0,0.09413856547195017
00-0040676,Cam Ward,0.015157756332621924,575,,0,-0.09816677712502954
00-0035710,Daniel Jones,0.22677462467248,398,,0,0.11345009121482853
00-0036264,Jordan Love,0.13730724627972435,499,,0,0.023982712822072885
00-0033077,Dak Prescott,0.14111851144641696,616,,0,0.027793977988765494
00-0039577,Kedon Slovis,0.0834846960173789,2,,0,-0.029839837440272562
00-0035704,Drew Lock,0.09284174168289554,3,,0,-0.020482791774755926
00-0037834,Brock Purdy,0.18479589275528613,343,,0,0.07147135929763467
00-0036971,Trevor Lawrence,0.11344297539484322,611,,0,0.00011844193719175167
00-0034855,Baker Mayfield,0.14545069653831816,567,,0,0.032126163080666695
00-0026498,Matthew Stafford,0.20268788410348032,726,,0,0.08936335064582886
00-0031345,Jimmy Garoppolo,,0,,0,
00-0039163,C.J. Stroud,0.12416934875319276,514,,0,0.010844815295541294
00-0029604,Kirk Cousins,0.05973664340782945,274,,0,-0.053587890049822014
00-0036442,Joe Burrow,0.11706492927282708,271,,0,0.003740395815175615
00-0026158,Joe Flacco,0.09343093886186543,417,,0,-0.019893594595786032
00-0039917,Michael Penix Jr.,0.1289506965424883,283,,0,0.015626163084836844
00-0039923,J.J. McCarthy,0.1007053495905132,258,,0,-0.01261918386713827
00-0032268,Marcus Mariota,0.1409217727821342,234,,0,0.02759723932448273
00-0034857,Josh Allen,0.12496132981321321,567,,0,0.011636796355561752
00-0036212,Tua Tagovailoa,0.1149972706137518,397,,0,0.0016727371561003344
00-0037013,Zach Wilson,0.07511458577113678,11,,0,-0.038209947686514686
00-0039851,Drake Maye,0.18669961552246822,664,,0,0.07337508206481676
00-0040743,Tyler Shough,0.09195853387387548,345,,0,-0.021365999583775983
00-0028118,Tyrod Taylor,0.10677290071137845,141,,0,-0.006551632746273017
00-0034796,Lamar Jackson,0.13024936973440424,326,,0,0.016924836276752772
00-0040704,Dillon Gabriel,0.006706466100025982,202,,0,-0.1066180673576255
00-0033106,Jared Goff,0.1653630716590323,604,,0,0.05203853820138084
00-0033873,Patrick Mahomes,0.1872136826406254,525,,0,0.07388914918297394
00-0033662,Cooper Rush,0.10408175237429546,47,,0,-0.009242781083356008
00-0035289,Gardner Minshew,0.07585589928622713,12,,0,-0.037468634171424334
00-0036898,Davis Mills,0.04360343258766363,167,,0,-0.06972110086998784
00-0035993,Tyler Huntley,0.059925094872679247,73,,0,-0.05339943858497222
00-0039918,Caleb Williams,0.10772846198577385,673,,0,-0.0055960714718776144
00-0040668,Shedeur Sanders,-0.0018249027865070572,221,,0,-0.11514943624415852
00-0023459,Aaron Rodgers,0.061586466409432404,550,,0,-0.05173806704821906
00-0038128,Malik Willis,0.16196975690713972,38,,0,0.048645223449488253
00-0038582,Clayton Tune,0.01131228714658418,19,,0,-0.10201224631106728
00-0036945,Justin Fields,0.04642371252695021,233,,0,-0.06690082093070125
00-0033869,Mitchell Trubisky,0.14275725176820955,37,,0,0.02943271831055809
00-0027973,Andy Dalton,0.09469194511981752,43,,0,-0.018632588337833947
00-0034771,Mason Rudolph,0.1020628695993307,52,,0,-0.011261663858320769
00-0036389,Jalen Hurts,0.08770824944486964,511,,0,-0.02561628401278182
00-0040398,Brady Cook,-0.020683281305640233,164,,0,-0.1340078147632917
00-0039732,Bo Nix,0.11781291669643233,670,,0,0.004488383238780869
00-0033949,Joshua Dobbs,0.08979846108503882,10,,0,-0.023526072372612644
00-0038416,Tyson Bagent,0.11196029040103059,4,,0,-0.0013642430566208757
00-0034577,Kyle Allen,0.08362401198884009,2,,0,-0.029700521468811372
00-0039398,Joe Milton III,0.11915830108601051,22,,0,0.005833767628359049
00-0030565,Geno Smith,0.07927161378921592,482,,0,-0.034052919668435544
00-0039910,Jayden Daniels,0.06306325961507604,200,,0,-0.05026127384257542
00-0040691,Jaxson Dart,0.031073339182385668,368,,0,-0.0822511942752658
00-0029263,Russell Wilson,0.06558875380347941,87,,0,-0.047735779654172056
00-0035100,Jake Browning,0.0644597805346717,123,,0,-0.04886475292297976
00-0032950,Carson Wentz,0.16157574232419059,184,,0,0.04825120886653912
00-0040494,Max Brosmer,-0.03271625727699069,79,,0,-0.14604079073464216
00-0034955,Brett Rypien,0.08919342850009312,1,,0,-0.02413110495755834
00-0040234,Quinn Ewers,0.07241658396186365,87,,0,-0.04090794949578781
00-0035264,Jarrett Stidham,0.040193907625675006,32,,0,-0.07313062583197646
00-0036355,Justin Herbert,0.09938638298970585,585,,0,-0.01393815046794561
00-0026300,Josh Johnson,0.11199966396235142,52,,0,-0.0013248694953000434
00-0038102,Kenny Pickett,0.0238381618050236,50,,0,-0.08948637165262786
00-0037324,Chris Oladokun,-0.008807560268060732,61,,0,-0.1221320937257122
00-0037012,Trey Lance,0.02650788006025602,57,,0,-0.08681665339739544
00-0031503,Jameis Winston,0.20466459189552622,67,,0,0.09134005843787475
00-0040206,Riley Leonard,0.0711139453564133,65,,0,-0.042210588101238164
00-0039164,Anthony Richardson,0.09427648765394009,2,,0,-0.019048045803711375
00-0033319,Nick Mullens,0.09871136485266575,3,,0,-0.01461316860498571
00-0022942,Philip Rivers,0.04907874801464831,92,,0,-0.06424578544300316
00-0032434,Brandon Allen,0.03740645646984808,30,,0,-0.07591807698780338
00-0038579,Aidan O'Connell,0.08063870608352738,23,,0,-0.03268582737412408
00-0036679,Shane Buechele,0.051735528522556036,19,,0,-0.06158900493509543
00-0031237,Teddy Bridgewater,0.0461245784011355,17,,0,-0.06719995505651596
00-0038400,Tanner McKee,0.08605173980095482,45,,0,-0.027272793656696645
00-0040673,Jalen Milroe,,0,,0,
