game_id,play_id,play_type,yards_gained,starting_yard,ending_yard,posteam,qtr,game_seconds_remaining,yardline_100,time_of_play,time_on_clock_start,time_on_clock_end,timeout_team,home_team_score,away_team_score,down,yds_to_go,defense_personnel,defense_positions,n_defense,defenders_in_box,number_of_pass_rushers,defense_man_zone_type,defense_coverage_type,was_pressure,offense_player_ids,offense_player_names,defense_player_ids,defense_player_names
2018_07_TEN_LAC,1,start_quarter_1,,,,,1.0,3600.0,,0.0,15:00,15:00,,0.0,0.0,,0.0,,,0,,,,,,,,,
2018_07_TEN_LAC,37,kickoff,0.0,35.0,35.0,TEN,1.0,3600.0,35.0,6.0,15:00,14:54,,0.0,0.0,,0.0,,;;;;;;;;;;,11,,,,,,00-0034565;00-0033941;00-0034084;00-0033588;00-0031953;00-0034545;00-0034440;00-0032081;00-0033697;00-0031404;00-0034350,Detrez Newsome;Rayshawn Jenkins;Mike Badgley;Isaac Rochell;Geremy Davis;Brandon Facyson;Justin Jackson;Nick Dzubnar;Michael Davis;Adrian Phillips;Uchenna Nwosu,00-0027736;00-0028042;00-0029794;00-0031972;00-0034389;00-0034659;00-0031585;00-0030711;00-0033455;00-0032783;00-0030020,Kendrick Lewis;Luke Stocker;Daren Bates;Darius Jennings;Dane Cruikshank;Sharif Finch;MyCole Pruitt;David Fluellen;Anthony Firkser;LeShaun Sims;Brynden Trawick
2018_07_TEN_LAC,59,run,-3.0,64.0,67.0,TEN,1.0,3594.0,64.0,33.0,14:54,14:21,,0.0,0.0,1.0,10.0,"4 DL, 3 LB, 4 DB",;;;;;;;;;;,11,8,,,,,00-0028042;00-0033057;00-0032764;00-0029992;00-0031442;00-0032778;00-0032268;00-0029413;00-0033793;00-0033858;00-0033871,Luke Stocker;Jack Conklin;Derrick Henry;Josh Kline;Taylor Lewan;Tajae Sharpe;Marcus Mariota;Ben Jones;Corey Levin;Jonnu Smith;Corey Davis,00-0030312;00-0029249;00-0032116;00-0030148;00-0032110;00-0032103;00-0032895;00-0025472;00-0029261;00-0032916;00-0034790,Jahleel Addae;Melvin Ingram;Darius Philon;Damion Square;Kyle Emanuel;Denzel Perryman;Jatavis Brown;Brandon Mebane;Casey Hayward;Trevor Williams;Derwin James
2018_07_TEN_LAC,80,run,3.0,67.0,64.0,TEN,1.0,3561.0,67.0,42.0,14:21,13:39,,0.0,0.0,2.0,13.0,"4 DL, 3 LB, 4 DB",;;;;;;;;;;,11,7,,,,,00-0028042;00-0033911;00-0033057;00-0032764;00-0029992;00-0031442;00-0032268;00-0029413;00-0031585;00-0033793;00-0033858,Luke Stocker;Taywan Taylor;Jack Conklin;Derrick Henry;Josh Kline;Taylor Lewan;Marcus Mariota;Ben Jones;MyCole Pruitt;Corey Levin;Jonnu Smith,00-0029249;00-0030312;00-0032116;00-0030148;00-0032110;00-0032103;00-0032895;00-0025472;00-0029261;00-0032916;00-0034790,Melvin Ingram;Jahleel Addae;Darius Philon;Damion Square;Kyle Emanuel;Denzel Perryman;Jatavis Brown;Brandon Mebane;Casey Hayward;Trevor Williams;Derwin James
2018_07_TEN_LAC,101,pass,16.0,64.0,48.0,TEN,1.0,3519.0,64.0,40.0,13:39,12:59,,0.0,0.0,3.0,10.0,"4 DL, 0 LB, 7 DB",;;;;;;;;;;,11,6,5,ZONE_COVERAGE,COVER_3,False,00-0033911;00-0033057;00-0028087;00-0029992;00-0031442;00-0032778;00-0032268;00-0029413;00-0033793;00-0033455;00-0033871,Taywan Taylor;Jack Conklin;Dion Lewis;Josh Kline;Taylor Lewan;Tajae Sharpe;Marcus Mariota;Ben Jones;Corey Levin;Anthony Firkser;Corey Davis,00-0033566;00-0030312;00-0029249;00-0033941;00-0032116;00-0033588;00-0029261;00-0032916;00-0031404;00-0027956;00-0034790,Desmond King;Jahleel Addae;Melvin Ingram;Rayshawn Jenkins;Darius Philon;Isaac Rochell;Casey Hayward;Trevor Williams;Adrian Phillips;Corey Liuget;Derwin James
2018_07_TEN_LAC,125,pass,11.0,48.0,37.0,TEN,1.0,3479.0,48.0,39.0,12:59,12:20,,0.0,0.0,1.0,10.0,"4 DL, 3 LB, 4 DB",;;;;;;;;;;,11,7,4,ZONE_COVERAGE,COVER_3,False,00-0028042;00-0033911;00-0033057;00-0032764;00-0029992;00-0031442;00-0032268;00-0029413;00-0031585;00-0033793;00-0033858,Luke Stocker;Taywan Taylor;Jack Conklin;Derrick Henry;Josh Kline;Taylor Lewan;Marcus Mariota;Ben Jones;MyCole Pruitt;Corey Levin;Jonnu Smith,00-0029249;00-0030312;00-0032116;00-0030148;00-0032110;00-0032103;00-0032895;00-0025472;00-0029261;00-0032916;00-0034790,Melvin Ingram;Jahleel Addae;Darius Philon;Damion Square;Kyle Emanuel;Denzel Perryman;Jatavis Brown;Brandon Mebane;Casey Hayward;Trevor Williams;Derwin James
2018_07_TEN_LAC,149,pass,0.0,37.0,37.0,TEN,1.0,3440.0,37.0,3.0,12:20,12:17,,0.0,0.0,1.0,10.0,"4 DL, 1 LB, 6 DB",;;;;;;;;;;,11,7,2,ZONE_COVERAGE,COVER_3,False,00-0033911;00-0033057;00-0032764;00-0029992;00-0031442;00-0032778;00-0032268;00-0029413;00-0033858;00-0033793;00-0033871,Taywan Taylor;Jack Conklin;Derrick Henry;Josh Kline;Taylor Lewan;Tajae Sharpe;Marcus Mariota;Ben Jones;Jonnu Smith;Corey Levin;Corey Davis,00-0033566;00-0030312;00-0029249;00-0032116;00-0030148;00-0032103;00-0025472;00-0029261;00-0032916;00-0031404;00-0034790,Desmond King;Jahleel Addae;Melvin Ingram;Darius Philon;Damion Square;Denzel Perryman;Brandon Mebane;Casey Hayward;Trevor Williams;Adrian Phillips;Derwin James
2018_07_TEN_LAC,171,pass,9.0,37.0,28.0,TEN,1.0,3437.0,37.0,44.0,12:17,11:33,,0.0,0.0,2.0,10.0,"4 DL, 1 LB, 6 DB",;;;;;;;;;;,11,6,5,ZONE_COVERAGE,COVER_3,False,00-0033911;00-0033057;00-0028087;00-0029992;00-0031442;00-0032778;00-0032268;00-0029413;00-0033793;00-0033858;00-0033871,Taywan Taylor;Jack Conklin;Dion Lewis;Josh Kline;Taylor Lewan;Tajae Sharpe;Marcus Mariota;Ben Jones;Corey Levin;Jonnu Smith;Corey Davis,00-0033566;00-0029249;00-0030312;00-0032116;00-0030148;00-0032103;00-0029261;00-0025472;00-0032916;00-0031404;00-0034790,Desmond King;Melvin Ingram;Jahleel Addae;Darius Philon;Damion Square;Denzel Perryman;Casey Hayward;Brandon Mebane;Trevor Williams;Adrian Phillips;Derwin James
2018_07_TEN_LAC,195,pass,14.0,28.0,14.0,TEN,1.0,3393.0,28.0,36.0,11:33,10:57,,0.0,0.0,3.0,1.0,"4 DL, 1 LB, 6 DB",;;;;;;;;;;,11,6,4,ZONE_COVERAGE,COVER_3,False,00-0033911;00-0033057;00-0028087;00-0029992;00-0031442;00-0032778;00-0032268;00-0029413;00-0033793;00-0033455;00-0033871,Taywan Taylor;Jack Conklin;Dion Lewis;Josh Kline;Taylor Lewan;Tajae Sharpe;Marcus Mariota;Ben Jones;Corey Levin;Anthony Firkser;Corey Davis,00-0033566;00-0030312;00-0029249;00-0030148;00-0034677;00-0032103;00-0029261;00-0032916;00-0031404;00-0027956;00-0034790,Desmond King;Jahleel Addae;Melvin Ingram;Damion Square;Justin Jones;Denzel Perryman;Casey Hayward;Trevor Williams;Adrian Phillips;Corey Liuget;Derwin James
2018_07_TEN_LAC,219,run,6.0,14.0,8.0,TEN,1.0,3357.0,14.0,34.0,10:57,10:23,,0.0,0.0,1.0,10.0,"4 DL, 1 LB, 6 DB",;;;;;;;;;;,11,7,,,,,00-0033911;00-0033057;00-0028087;00-0029992;00-0031442;00-0032778;00-0032268;00-0029413;00-0033858;00-0033793;00-0033871,Taywan Taylor;Jack Conklin;Dion Lewis;Josh Kline;Taylor Lewan;Tajae Sharpe;Marcus Mariota;Ben Jones;Jonnu Smith;Corey Levin;Corey Davis,00-0033566;00-0029249;00-0030312;00-0033588;00-0034677;00-0032103;00-0029261;00-0032916;00-0031404;00-0027956;00-0034790,Desmond King;Melvin Ingram;Jahleel Addae;Isaac Rochell;Justin Jones;Denzel Perryman;Casey Hayward;Trevor Williams;Adrian Phillips;Corey Liuget;Derwin James
2018_07_TEN_LAC,240,run,-1.0,8.0,9.0,TEN,1.0,3323.0,8.0,33.0,10:23,9:50,,0.0,0.0,2.0,4.0,"4 DL, 1 LB, 6 DB",;;;;;;;;;;,11,7,,,,,00-0028042;00-0033057;00-0028087;00-0029992;00-0031442;00-0032778;00-0032268;00-0029413;00-0033793;00-0033858;00-0033871,Luke Stocker;Jack Conklin;Dion Lewis;Josh Kline;Taylor Lewan;Tajae Sharpe;Marcus Mariota;Ben Jones;Corey Levin;Jonnu Smith;Corey Davis,00-0033566;00-0030312;00-0029249;00-0033588;00-0034677;00-0032895;00-0029261;00-0032916;00-0031404;00-0027956;00-0034790,Desmond King;Jahleel Addae;Melvin Ingram;Isaac Rochell;Justin Jones;Jatavis Brown;Casey Hayward;Trevor Williams;Adrian Phillips;Corey Liuget;Derwin James
2018_07_TEN_LAC,261,pass,0.0,9.0,9.0,TEN,1.0,3290.0,9.0,3.0,9:50,9:47,,0.0,0.0,3.0,5.0,"4 DL, 1 LB, 6 DB",;;;;;;;;;;,11,7,4,ZONE_COVERAGE,COVER_4,False,00-0033057;00-0033911;00-0028087;00-0029992;00-0031442;00-0032778;00-0032268;00-0029413;00-0033793;00-0033455;00-0033871,Jack Conklin;Taywan Taylor;Dion Lewis;Josh Kline;Taylor Lewan;Tajae Sharpe;Marcus Mariota;Ben Jones;Corey Levin;Anthony Firkser;Corey Davis,00-0029249;00-0030312;00-0033566;00-0033588;00-0034677;00-0032895;00-0029261;00-0032916;00-0031404;00-0027956;00-0034790,Melvin Ingram;Jahleel Addae;Desmond King;Isaac Rochell;Justin Jones;Jatavis Brown;Casey Hayward;Trevor Williams;Adrian Phillips;Corey Liuget;Derwin James
2018_07_TEN_LAC,290,field_goal,0.0,9.0,9.0,TEN,1.0,3287.0,9.0,3.0,9:47,9:44,,0.0,3.0,4.0,5.0,,;;;;;;;;;;,11,,,,,,00-0028042;00-0034668;00-0025825;00-0033057;00-0026968;00-0029992;00-0031442;00-0029134;00-0032763;00-0033793;00-0029419,Luke Stocker;Aaron Stinnie;Brett Kern;Jack Conklin;Ryan Succop;Josh Kline;Taylor Lewan;Beau Brinkley;Austin Johnson;Corey Levin;Dennis Kelly,00-0030312;00-0033941;00-0032116;00-0033588;00-0034677;00-0032110;00-0033697;00-0032916;00-0031404;00-0034350;00-0027956,Jahleel Addae;Rayshawn Jenkins;Darius Philon;Isaac Rochell;Justin Jones;Kyle Emanuel;Michael Davis;Trevor Williams;Adrian Phillips;Uchenna Nwosu;Corey Liuget
2018_07_TEN_LAC,309,kickoff,0.0,35.0,35.0,LAC,1.0,3284.0,35.0,0.0,9:44,9:44,,0.0,3.0,,0.0,,;;;;;;;;;;,11,,,,,,00-0027736;00-0029794;00-0026968;00-0032386;00-0031972;00-0034389;00-0034659;00-0030711;00-0034828;00-0032783;00-0030020,Kendrick Lewis;Daren Bates;Ryan Succop;Kamalei Correa;Darius Jennings;Dane Cruikshank;Sharif Finch;David Fluellen;Harold Landry III;LeShaun Sims;Brynden Trawick,00-0033566;00-0034565;00-0033941;00-0034545;00-0032110;00-0032905;00-0032897;00-0034440;00-0032081;00-0031404;00-0034350,Desmond King;Detrez Newsome;Rayshawn Jenkins;Brandon Facyson;Kyle Emanuel;Chris Landrum;Derek Watt;Justin Jackson;Nick Dzubnar;Adrian Phillips;Uchenna Nwosu
2018_07_TEN_LAC,324,pass,75.0,75.0,0.0,LAC,1.0,3284.0,75.0,9.0,9:44,9:35,,6.0,3.0,1.0,10.0,"3 DL, 4 LB, 4 DB",;;;;;;;;;;,11,6,4,ZONE_COVERAGE,COVER_6,True,00-0033699;00-0033578;00-0027859;00-0022942;00-0031353;00-0027953;00-0033910;00-0030279;00-0033696;00-0028142;00-0032160,Austin Ekeler;Sam Tevi;Russell Okung;Philip Rivers;Michael Schofield;Mike Pouncey;Dan Feeney;Keenan Allen;Sean Culkin;Virgil Green;Tyrell Williams,00-0027736;00-0030411;00-0034743;00-0032386;00-0033132;00-0028015;00-0025828;00-0033878;00-0031054;00-0032763;00-0026989,Kendrick Lewis;Logan Ryan;Rashaan Evans;Kamalei Correa;Kevin Byard;Jurrell Casey;Wesley Woodyard;Adoree' Jackson;DaQuan Jones;Austin Johnson;Brian Orakpo
2018_07_TEN_LAC,344,extra_point,0.0,15.0,15.0,LAC,1.0,3275.0,15.0,0.0,9:35,9:35,,7.0,3.0,,0.0,,;;;;;;;;;;,11,,,,,,00-0034084;00-0033588;00-0027247;00-0022684;00-0034392;00-0033578;00-0027859;00-0031353;00-0033910;00-0033696;00-0028142,Mike Badgley;Isaac Rochell;Mike Windt;Donnie Jones;Scott Quessenberry;Sam Tevi;Russell Okung;Michael Schofield;Dan Feeney;Sean Culkin;Virgil Green,00-0032138;00-0027736;00-0029794;00-0030507;00-0033954;00-0031218;00-0033878;00-0031054;00-0034659;00-0032763;00-0030020,Darius Kilgo;Kendrick Lewis;Daren Bates;Bennie Logan;Jayon Brown;Malcolm Butler;Adoree' Jackson;DaQuan Jones;Sharif Finch;Austin Johnson;Brynden Trawick
2018_07_TEN_LAC,360,kickoff,0.0,35.0,35.0,TEN,1.0,3275.0,35.0,5.0,9:35,9:30,,7.0,3.0,,0.0,,;;;;;;;;;;,11,,,,,,00-0034565;00-0033941;00-0034084;00-0033588;00-0031953;00-0034545;00-0034440;00-0032081;00-0033697;00-0031404;00-0034350,Detrez Newsome;Rayshawn Jenkins;Mike Badgley;Isaac Rochell;Geremy Davis;Brandon Facyson;Justin Jackson;Nick Dzubnar;Michael Davis;Adrian Phillips;Uchenna Nwosu,00-0027736;00-0028042;00-0029794;00-0031972;00-0034389;00-0034659;00-0030711;00-0031585;00-0032783;00-0033455;00-0030020,Kendrick Lewis;Luke Stocker;Daren Bates;Darius Jennings;Dane Cruikshank;Sharif Finch;David Fluellen;MyCole Pruitt;LeShaun Sims;Anthony Firkser;Brynden Trawick
2018_07_TEN_LAC,382,run,2.0,77.0,75.0,TEN,1.0,3270.0,77.0,37.0,9:30,8:53,,7.0,3.0,1.0,10.0,"4 DL, 3 LB, 4 DB",;;;;;;;;;;,11,8,,,,,00-0028042;00-0033057;00-0028087;00-0029992;00-0031442;00-0032778;00-0032268;00-0029413;00-0033858;00-0033793;00-0033871,Luke Stocker;Jack Conklin;Dion Lewis;Josh Kline;Taylor Lewan;Tajae Sharpe;Marcus Mariota;Ben Jones;Jonnu Smith;Corey Levin;Corey Davis,00-0029249;00-0030312;00-0032116;00-0030148;00-0032110;00-0032103;00-0032895;00-0025472;00-0029261;00-0032916;00-0034790,Melvin Ingram;Jahleel Addae;Darius Philon;Damion Square;Kyle Emanuel;Denzel Perryman;Jatavis Brown;Brandon Mebane;Casey Hayward;Trevor Williams;Derwin James
2018_07_TEN_LAC,403,no_play,0.0,75.0,75.0,TEN,1.0,3233.0,75.0,20.0,8:53,8:33,,7.0,3.0,2.0,8.0,"4 DL, 3 LB, 4 DB",;;;;;;;;;;,11,,,,,,00-0028042;00-0033057;00-0028087;00-0029992;00-0031442;00-0032778;00-0032268;00-0029413;00-0033793;00-0033858;00-0033871,Luke Stocker;Jack Conklin;Dion Lewis;Josh Kline;Taylor Lewan;Tajae Sharpe;Marcus Mariota;Ben Jones;Corey Levin;Jonnu Smith;Corey Davis,00-0030312;00-0029249;00-0032116;00-0030148;00-0032110;00-0032103;00-0032895;00-0029261;00-0025472;00-0032916;00-0034790,Jahleel Addae;Melvin Ingram;Darius Philon;Damion Square;Kyle Emanuel;Denzel Perryman;Jatavis Brown;Casey Hayward;Brandon Mebane;Trevor Williams;Derwin James
2018_07_TEN_LAC,426,pass,5.0,80.0,75.0,TEN,1.0,3213.0,80.0,39.0,8:33,7:54,,7.0,3.0,2.0,13.0,"4 DL, 3 LB, 4 DB",;;;;;;;;;;,11,7,4,ZONE_COVERAGE,COVER_3,False,00-0028042;00-0033057;00-0028087;00-0029992;00-0031442;00-0032778;00-0032268;00-0029413;00-0033793;00-0033858;00-0033871,Luke Stocker;Jack Conklin;Dion Lewis;Josh Kline;Taylor Lewan;Tajae Sharpe;Marcus Mariota;Ben Jones;Corey Levin;Jonnu Smith;Corey Davis,00-0029249;00-0030312;00-0032116;00-0030148;00-0032110;00-0032103;00-0032895;00-0025472;00-0029261;00-0032916;00-0034790,Melvin Ingram;Jahleel Addae;Darius Philon;Damion Square;Kyle Emanuel;Denzel Perryman;Jatavis Brown;Brandon Mebane;Casey Hayward;Trevor Williams;Derwin James
2018_07_TEN_LAC,450,pass,-4.0,75.0,79.0,TEN,1.0,3174.0,75.0,42.0,7:54,7:12,,7.0,3.0,3.0,8.0,"4 DL, 0 LB, 7 DB",;;;;;;;;;;,11,5,4,,,,00-0033911;00-0033057;00-0028087;00-0029992;00-0031442;00-0032778;00-0032268;00-0029413;00-0033793;00-0033455;00-0033871,Taywan Taylor;Jack Conklin;Dion Lewis;Josh Kline;Taylor Lewan;Tajae Sharpe;Marcus Mariota;Ben Jones;Corey Levin;Anthony Firkser;Corey Davis,00-0030312;00-0029249;00-0033566;00-0033941;00-0032116;00-0033588;00-0032916;00-0029261;00-0031404;00-0027956;00-0034790,Jahleel Addae;Melvin Ingram;Desmond King;Rayshawn Jenkins;Darius Philon;Isaac Rochell;Trevor Williams;Casey Hayward;Adrian Phillips;Corey Liuget;Derwin James
2018_07_TEN_LAC,469,punt,0.0,79.0,79.0,TEN,1.0,3132.0,79.0,17.0,7:12,6:55,,7.0,3.0,4.0,12.0,,;;;;;;;;;;,11,,,,,,00-0028042;00-0029794;00-0025825;00-0034389;00-0033132;00-0029134;00-0030711;00-0034828;00-0032783;00-0030020;00-0034720,Luke Stocker;Daren Bates;Brett Kern;Dane Cruikshank;Kevin Byard;Beau Brinkley;David Fluellen;Harold Landry III;LeShaun Sims;Brynden Trawick;Robert Spillane,00-0033566;00-0034565;00-0033941;00-0034545;00-0031953;00-0032897;00-0032081;00-0034440;00-0033697;00-0031404;00-0034350,Desmond King;Detrez Newsome;Rayshawn Jenkins;Brandon Facyson;Geremy Davis;Derek Watt;Nick Dzubnar;Justin Jackson;Michael Davis;Adrian Phillips;Uchenna Nwosu
2018_07_TEN_LAC,510,pass,11.0,78.0,67.0,LAC,1.0,3115.0,78.0,44.0,6:55,6:11,,7.0,3.0,1.0,10.0,"2 DL, 4 LB, 5 DB",;;;;;;;;;;,11,7,4,ZONE_COVERAGE,COVER_3,False,00-0033699;00-0033578;00-0022942;00-0027859;00-0031353;00-0027953;00-0033910;00-0033536;00-0030279;00-0028142;00-0032160,Austin Ekeler;Sam Tevi;Philip Rivers;Russell Okung;Michael Schofield;Mike Pouncey;Dan Feeney;Mike Williams;Keenan Allen;Virgil Green;Tyrell Williams,00-0027736;00-0030411;00-0032386;00-0033132;00-0025828;00-0028015;00-0033954;00-0031218;00-0031054;00-0033878;00-0026989,Kendrick Lewis;Logan Ryan;Kamalei Correa;Kevin Byard;Wesley Woodyard;Jurrell Casey;Jayon Brown;Malcolm Butler;DaQuan Jones;Adoree' Jackson;Brian Orakpo
2018_07_TEN_LAC,534,run,5.0,67.0,62.0,LAC,1.0,3071.0,67.0,40.0,6:11,5:31,,7.0,3.0,1.0,10.0,"2 DL, 4 LB, 5 DB",;;;;;;;;;;,11,7,,,,,00-0033699;00-0033578;00-0027859;00-0022942;00-0029269;00-0031353;00-0027953;00-0033910;00-0030279;00-0028142;00-0032160,Austin Ekeler;Sam Tevi;Russell Okung;Philip Rivers;Travis Benjamin;Michael Schofield;Mike Pouncey;Dan Feeney;Keenan Allen;Virgil Green;Tyrell Williams,00-0027736;00-0030411;00-0032386;00-0033132;00-0033954;00-0028015;00-0025828;00-0031218;00-0033878;00-0031054;00-0026989,Kendrick Lewis;Logan Ryan;Kamalei Correa;Kevin Byard;Jayon Brown;Jurrell Casey;Wesley Woodyard;Malcolm Butler;Adoree' Jackson;DaQuan Jones;Brian Orakpo
2018_07_TEN_LAC,555,run,5.0,62.0,57.0,LAC,1.0,3031.0,62.0,39.0,5:31,4:52,,7.0,3.0,2.0,5.0,"3 DL, 4 LB, 4 DB",;;;;;;;;;;,11,8,,,,,00-0033699;00-0033578;00-0027859;00-0022942;00-0031353;00-0033910;00-0027953;00-0030279;00-0028142;00-0033696;00-0032160,Austin Ekeler;Sam Tevi;Russell Okung;Philip Rivers;Michael Schofield;Dan Feeney;Mike Pouncey;Keenan Allen;Virgil Green;Sean Culkin;Tyrell Williams,00-0027736;00-0030411;00-0034743;00-0032386;00-0033132;00-0028015;00-0025828;00-0033878;00-0031054;00-0032763;00-0026989,Kendrick Lewis;Logan Ryan;Rashaan Evans;Kamalei Correa;Kevin Byard;Jurrell Casey;Wesley Woodyard;Adoree' Jackson;DaQuan Jones;Austin Johnson;Brian Orakpo
2018_07_TEN_LAC,576,pass,24.0,57.0,33.0,LAC,1.0,2992.0,57.0,44.0,4:52,4:08,,7.0,3.0,1.0,10.0,"2 DL, 4 LB, 5 DB",;;;;;;;;;;,11,6,5,ZONE_COVERAGE,COVER_3,False,00-0033699;00-0033578;00-0027859;00-0022942;00-0029269;00-0031353;00-0033910;00-0027953;00-0033536;00-0030279;00-0028142,Austin Ekeler;Sam Tevi;Russell Okung;Philip Rivers;Travis Benjamin;Michael Schofield;Dan Feeney;Mike Pouncey;Mike Williams;Keenan Allen;Virgil Green,00-0027736;00-0030411;00-0030507;00-0032386;00-0033132;00-0033954;00-0025828;00-0031218;00-0033878;00-0032763;00-0026989,Kendrick Lewis;Logan Ryan;Bennie Logan;Kamalei Correa;Kevin Byard;Jayon Brown;Wesley Woodyard;Malcolm Butler;Adoree' Jackson;Austin Johnson;Brian Orakpo
2018_07_TEN_LAC,600,run,2.0,33.0,31.0,LAC,1.0,2948.0,33.0,44.0,4:08,3:24,,7.0,3.0,1.0,10.0,"3 DL, 4 LB, 4 DB",;;;;;;;;;;,11,7,,,,,00-0033699;00-0033578;00-0027859;00-0022942;00-0031353;00-0028030;00-0027953;00-0033910;00-0030279;00-0028142;00-0032160,Austin Ekeler;Sam Tevi;Russell Okung;Philip Rivers;Michael Schofield;Joe Barksdale;Mike Pouncey;Dan Feeney;Keenan Allen;Virgil Green;Tyrell Williams,00-0032138;00-0027736;00-0030411;00-0030507;00-0034743;00-0032386;00-0033132;00-0025828;00-0033878;00-0032763;00-0034828,Darius Kilgo;Kendrick Lewis;Logan Ryan;Bennie Logan;Rashaan Evans;Kamalei Correa;Kevin Byard;Wesley Woodyard;Adoree' Jackson;Austin Johnson;Harold Landry III
2018_07_TEN_LAC,623,pass,17.0,31.0,14.0,LAC,1.0,2904.0,31.0,45.0,3:24,2:39,,7.0,3.0,2.0,8.0,"2 DL, 4 LB, 5 DB",;;;;;;;;;;,11,6,6,MAN_COVERAGE,COVER_1,False,00-0033699;00-0033578;00-0027859;00-0022942;00-0031353;00-0027953;00-0033910;00-0033536;00-0030279;00-0028142;00-0032160,Austin Ekeler;Sam Tevi;Russell Okung;Philip Rivers;Michael Schofield;Mike Pouncey;Dan Feeney;Mike Williams;Keenan Allen;Virgil Green;Tyrell Williams,00-0027736;00-0030411;00-0030507;00-0033132;00-0033954;00-0025828;00-0031218;00-0033878;00-0034659;00-0034828;00-0032763,Kendrick Lewis;Logan Ryan;Bennie Logan;Kevin Byard;Jayon Brown;Wesley Woodyard;Malcolm Butler;Adoree' Jackson;Sharif Finch;Harold Landry III;Austin Johnson
2018_07_TEN_LAC,647,run,3.0,14.0,11.0,LAC,1.0,2859.0,14.0,40.0,2:39,1:59,,7.0,3.0,1.0,10.0,"3 DL, 4 LB, 4 DB",;;;;;;;;;;,11,8,,,,,00-0033578;00-0027859;00-0022942;00-0031353;00-0034440;00-0033910;00-0027953;00-0033536;00-0033696;00-0028142;00-0032160,Sam Tevi;Russell Okung;Philip Rivers;Michael Schofield;Justin Jackson;Dan Feeney;Mike Pouncey;Mike Williams;Sean Culkin;Virgil Green;Tyrell Williams,00-0027736;00-0030411;00-0034743;00-0033132;00-0028015;00-0025828;00-0033878;00-0031054;00-0034659;00-0034828;00-0032763,Kendrick Lewis;Logan Ryan;Rashaan Evans;Kevin Byard;Jurrell Casey;Wesley Woodyard;Adoree' Jackson;DaQuan Jones;Sharif Finch;Harold Landry III;Austin Johnson
2018_07_TEN_LAC,668,timeout,0.0,,,,1.0,2819.0,,0.0,1:59,1:59,LAC,7.0,3.0,,0.0,,,0,,,,,,,,,
2018_07_TEN_LAC,685,pass,0.0,11.0,11.0,LAC,1.0,2819.0,11.0,5.0,1:59,1:54,,7.0,3.0,2.0,7.0,"2 DL, 4 LB, 5 DB",;;;;;;;;;;,11,6,5,MAN_COVERAGE,COVER_1,True,00-0033699;00-0033578;00-0027859;00-0022942;00-0031353;00-0021547;00-0033910;00-0027953;00-0033536;00-0030279;00-0032160,Austin Ekeler;Sam Tevi;Russell Okung;Philip Rivers;Michael Schofield;Antonio Gates;Dan Feeney;Mike Pouncey;Mike Williams;Keenan Allen;Tyrell Williams,00-0027736;00-0030411;00-0033132;00-0033954;00-0028015;00-0025828;00-0031218;00-0033878;00-0031054;00-0034659;00-0026989,Kendrick Lewis;Logan Ryan;Kevin Byard;Jayon Brown;Jurrell Casey;Wesley Woodyard;Malcolm Butler;Adoree' Jackson;DaQuan Jones;Sharif Finch;Brian Orakpo
2018_07_TEN_LAC,707,pass,0.0,11.0,11.0,LAC,1.0,2814.0,11.0,3.0,1:54,1:51,,7.0,3.0,3.0,7.0,"1 DL, 5 LB, 5 DB",;;;;;;;;;;,11,7,4,MAN_COVERAGE,COVER_1,False,00-0033699;00-0033578;00-0027859;00-0022942;00-0031353;00-0021547;00-0027953;00-0033910;00-0033536;00-0030279;00-0032160,Austin Ekeler;Sam Tevi;Russell Okung;Philip Rivers;Michael Schofield;Antonio Gates;Mike Pouncey;Dan Feeney;Mike Williams;Keenan Allen;Tyrell Williams,00-0027736;00-0030411;00-0032386;00-0033132;00-0033954;00-0028015;00-0025828;00-0031218;00-0033878;00-0034828;00-0026989,Kendrick Lewis;Logan Ryan;Kamalei Correa;Kevin Byard;Jayon Brown;Jurrell Casey;Wesley Woodyard;Malcolm Butler;Adoree' Jackson;Harold Landry III;Brian Orakpo
2018_07_TEN_LAC,729,field_goal,0.0,11.0,11.0,LAC,1.0,2811.0,11.0,3.0,1:51,1:48,,10.0,3.0,4.0,7.0,,;;;;;;;;;;,11,,,,,,00-0034084;00-0033588;00-0027247;00-0022684;00-0034392;00-0033578;00-0027859;00-0031353;00-0033910;00-0033696;00-0028142,Mike Badgley;Isaac Rochell;Mike Windt;Donnie Jones;Scott Quessenberry;Sam Tevi;Russell Okung;Michael Schofield;Dan Feeney;Sean Culkin;Virgil Green,00-0032138;00-0027736;00-0029794;00-0030507;00-0033954;00-0031218;00-0033878;00-0031054;00-0034659;00-0032763;00-0030020,Darius Kilgo;Kendrick Lewis;Daren Bates;Bennie Logan;Jayon Brown;Malcolm Butler;Adoree' Jackson;DaQuan Jones;Sharif Finch;Austin Johnson;Brynden Trawick
2018_07_TEN_LAC,748,kickoff,0.0,35.0,35.0,TEN,1.0,2808.0,35.0,7.0,1:48,1:41,,10.0,3.0,,0.0,,;;;;;;;;;;,11,,,,,,00-0034565;00-0033941;00-0034084;00-0033588;00-0031953;00-0034545;00-0034440;00-0032081;00-0033697;00-0031404;00-0034350,Detrez Newsome;Rayshawn Jenkins;Mike Badgley;Isaac Rochell;Geremy Davis;Brandon Facyson;Justin Jackson;Nick Dzubnar;Michael Davis;Adrian Phillips;Uchenna Nwosu,00-0028042;00-0029794;00-0031972;00-0034389;00-0034659;00-0030711;00-0031585;00-0032783;00-0033455;00-0030020;00-0034720,Luke Stocker;Daren Bates;Darius Jennings;Dane Cruikshank;Sharif Finch;David Fluellen;MyCole Pruitt;LeShaun Sims;Anthony Firkser;Brynden Trawick;Robert Spillane
2018_07_TEN_LAC,770,pass,21.0,65.0,44.0,TEN,1.0,2801.0,65.0,39.0,1:41,1:02,,10.0,3.0,1.0,10.0,"4 DL, 3 LB, 4 DB",;;;;;;;;;;,11,7,4,ZONE_COVERAGE,COVER_3,False,00-0028042;00-0033911;00-0033057;00-0032764;00-0029992;00-0031442;00-0032268;00-0029413;00-0033858;00-0033793;00-0033871,Luke Stocker;Taywan Taylor;Jack Conklin;Derrick Henry;Josh Kline;Taylor Lewan;Marcus Mariota;Ben Jones;Jonnu Smith;Corey Levin;Corey Davis,00-0029249;00-0030312;00-0032116;00-0030148;00-0032110;00-0032103;00-0032895;00-0025472;00-0029261;00-0032916;00-0034790,Melvin Ingram;Jahleel Addae;Darius Philon;Damion Square;Kyle Emanuel;Denzel Perryman;Jatavis Brown;Brandon Mebane;Casey Hayward;Trevor Williams;Derwin James
2018_07_TEN_LAC,794,run,1.0,44.0,43.0,TEN,1.0,2762.0,44.0,35.0,1:02,0:27,,10.0,3.0,1.0,10.0,"4 DL, 3 LB, 4 DB",;;;;;;;;;;,11,6,,,,,00-0028042;00-0033057;00-0033911;00-0032764;00-0029992;00-0031442;00-0032268;00-0029413;00-0033793;00-0033858;00-0033871,Luke Stocker;Jack Conklin;Taywan Taylor;Derrick Henry;Josh Kline;Taylor Lewan;Marcus Mariota;Ben Jones;Corey Levin;Jonnu Smith;Corey Davis,00-0029249;00-0030312;00-0032116;00-0030148;00-0032110;00-0032103;00-0032895;00-0025472;00-0032916;00-0029261;00-0034790,Melvin Ingram;Jahleel Addae;Darius Philon;Damion Square;Kyle Emanuel;Denzel Perryman;Jatavis Brown;Brandon Mebane;Trevor Williams;Casey Hayward;Derwin James
2018_07_TEN_LAC,815,run,2.0,43.0,41.0,TEN,1.0,2727.0,43.0,27.0,0:27,0:00,,10.0,3.0,2.0,9.0,"4 DL, 3 LB, 4 DB",;;;;;;;;;;,11,7,,,,,00-0028042;00-0033911;00-0033057;00-0032764;00-0029992;00-0031442;00-0032268;00-0029413;00-0033793;00-0033858;00-0033871,Luke Stocker;Taywan Taylor;Jack Conklin;Derrick Henry;Josh Kline;Taylor Lewan;Marcus Mariota;Ben Jones;Corey Levin;Jonnu Smith;Corey Davis,00-0030312;00-0029249;00-0032116;00-0030148;00-0032110;00-0032103;00-0032895;00-0025472;00-0029261;00-0032916;00-0034790,Jahleel Addae;Melvin Ingram;Darius Philon;Damion Square;Kyle Emanuel;Denzel Perryman;Jatavis Brown;Brandon Mebane;Casey Hayward;Trevor Williams;Derwin James
2018_07_TEN_LAC,836,start_quarter_2,,,,TEN,1.0,2700.0,,0.0,0:00,0:00,,10.0,3.0,,0.0,,,0,,,,,,,,,
2018_07_TEN_LAC,853,pass,18.0,41.0,23.0,TEN,2.0,2700.0,41.0,41.0,15:00,14:19,,10.0,3.0,3.0,7.0,"4 DL, 0 LB, 7 DB",;;;;;;;;;;,11,6,4,ZONE_COVERAGE,COVER_2,True,00-0033911;00-0033057;00-0028087;00-0029992;00-0031442;00-0032778;00-0032268;00-0029413;00-0033793;00-0033455;00-0033871,Taywan Taylor;Jack Conklin;Dion Lewis;Josh Kline;Taylor Lewan;Tajae Sharpe;Marcus Mariota;Ben Jones;Corey Levin;Anthony Firkser;Corey Davis,00-0033566;00-0029249;00-0030312;00-0033941;00-0032116;00-0033588;00-0029261;00-0032916;00-0031404;00-0027956;00-0034790,Desmond King;Melvin Ingram;Jahleel Addae;Rayshawn Jenkins;Darius Philon;Isaac Rochell;Casey Hayward;Trevor Williams;Adrian Phillips;Corey Liuget;Derwin James
2018_07_TEN_LAC,877,run,1.0,23.0,22.0,TEN,2.0,2659.0,23.0,36.0,14:19,13:43,,10.0,3.0,1.0,10.0,"4 DL, 1 LB, 6 DB",;;;;;;;;;;,11,7,,,,,00-0033057;00-0032764;00-0029992;00-0031442;00-0032778;00-0032268;00-0029413;00-0034652;00-0033793;00-0033858;00-0033871,Jack Conklin;Derrick Henry;Josh Kline;Taylor Lewan;Tajae Sharpe;Marcus Mariota;Ben Jones;Cameron Batson;Corey Levin;Jonnu Smith;Corey Davis,00-0033566;00-0030312;00-0033588;00-0034677;00-0032905;00-0032103;00-0029261;00-0032916;00-0031404;00-0027956;00-0034790,Desmond King;Jahleel Addae;Isaac Rochell;Justin Jones;Chris Landrum;Denzel Perryman;Casey Hayward;Trevor Williams;Adrian Phillips;Corey Liuget;Derwin James
2018_07_TEN_LAC,898,run,7.0,22.0,15.0,TEN,2.0,2623.0,22.0,44.0,13:43,12:59,,10.0,3.0,2.0,9.0,"4 DL, 1 LB, 6 DB",;;;;;;;;;;,11,7,,,,,00-0033911;00-0033057;00-0032764;00-0029992;00-0031442;00-0032778;00-0032268;00-0029413;00-0033858;00-0033793;00-0033871,Taywan Taylor;Jack Conklin;Derrick Henry;Josh Kline;Taylor Lewan;Tajae Sharpe;Marcus Mariota;Ben Jones;Jonnu Smith;Corey Levin;Corey Davis,00-0033566;00-0030312;00-0033588;00-0034677;00-0032905;00-0032103;00-0029261;00-0032916;00-0031404;00-0027956;00-0034790,Desmond King;Jahleel Addae;Isaac Rochell;Justin Jones;Chris Landrum;Denzel Perryman;Casey Hayward;Trevor Williams;Adrian Phillips;Corey Liuget;Derwin James
2018_07_TEN_LAC,919,pass,0.0,15.0,15.0,TEN,2.0,2579.0,15.0,4.0,12:59,12:55,,10.0,3.0,3.0,2.0,"4 DL, 1 LB, 6 DB",;;;;;;;;;;,11,6,4,MAN_COVERAGE,COVER_1,False,00-0033911;00-0033057;00-0028087;00-0029992;00-0031442;00-0032778;00-0032268;00-0029413;00-0033793;00-0033455;00-0033871,Taywan Taylor;Jack Conklin;Dion Lewis;Josh Kline;Taylor Lewan;Tajae Sharpe;Marcus Mariota;Ben Jones;Corey Levin;Anthony Firkser;Corey Davis,00-0033566;00-0030312;00-0029249;00-0032116;00-0033588;00-0032895;00-0029261;00-0032916;00-0031404;00-0027956;00-0034790,Desmond King;Jahleel Addae;Melvin Ingram;Darius Philon;Isaac Rochell;Jatavis Brown;Casey Hayward;Trevor Williams;Adrian Phillips;Corey Liuget;Derwin James
2018_07_TEN_LAC,941,field_goal,0.0,15.0,15.0,TEN,2.0,2575.0,15.0,4.0,12:55,12:51,,10.0,6.0,4.0,2.0,,;;;;;;;;;;,11,,,,,,00-0028042;00-0034668;00-0025825;00-0033057;00-0026968;00-0029992;00-0031442;00-0029134;00-0032763;00-0033793;00-0029419,Luke Stocker;Aaron Stinnie;Brett Kern;Jack Conklin;Ryan Succop;Josh Kline;Taylor Lewan;Beau Brinkley;Austin Johnson;Corey Levin;Dennis Kelly,00-0030312;00-0033941;00-0032116;00-0033588;00-0034677;00-0032110;00-0033697;00-0032916;00-0031404;00-0034350;00-0027956,Jahleel Addae;Rayshawn Jenkins;Darius Philon;Isaac Rochell;Justin Jones;Kyle Emanuel;Michael Davis;Trevor Williams;Adrian Phillips;Uchenna Nwosu;Corey Liuget
2018_07_TEN_LAC,960,kickoff,0.0,35.0,35.0,LAC,2.0,2571.0,35.0,6.0,12:51,12:45,,10.0,6.0,,0.0,,;;;;;;;;;;,11,,,,,,00-0027736;00-0029794;00-0026968;00-0032386;00-0031972;00-0034389;00-0034659;00-0034828;00-0030711;00-0032783;00-0030020,Kendrick Lewis;Daren Bates;Ryan Succop;Kamalei Correa;Darius Jennings;Dane Cruikshank;Sharif Finch;Harold Landry III;David Fluellen;LeShaun Sims;Brynden Trawick,00-0033566;00-0034565;00-0033941;00-0034545;00-0032110;00-0032905;00-0032897;00-0034440;00-0032081;00-0031404;00-0034350,Desmond King;Detrez Newsome;Rayshawn Jenkins;Brandon Facyson;Kyle Emanuel;Chris Landrum;Derek Watt;Justin Jackson;Nick Dzubnar;Adrian Phillips;Uchenna Nwosu
2018_07_TEN_LAC,984,run,2.0,82.0,80.0,LAC,2.0,2565.0,82.0,40.0,12:45,12:05,,10.0,6.0,1.0,10.0,"3 DL, 4 LB, 4 DB",;;;;;;;;;;,11,7,,,,,00-0033699;00-0033578;00-0027859;00-0022942;00-0031353;00-0033910;00-0027953;00-0030279;00-0033696;00-0028142;00-0032160,Austin Ekeler;Sam Tevi;Russell Okung;Philip Rivers;Michael Schofield;Dan Feeney;Mike Pouncey;Keenan Allen;Sean Culkin;Virgil Green;Tyrell Williams,00-0027736;00-0030411;00-0030507;00-0034743;00-0033132;00-0033954;00-0028015;00-0033878;00-0031054;00-0034659;00-0034828,Kendrick Lewis;Logan Ryan;Bennie Logan;Rashaan Evans;Kevin Byard;Jayon Brown;Jurrell Casey;Adoree' Jackson;DaQuan Jones;Sharif Finch;Harold Landry III
2018_07_TEN_LAC,1005,pass,26.0,80.0,54.0,LAC,2.0,2525.0,80.0,46.0,12:05,11:19,,10.0,6.0,2.0,8.0,"2 DL, 4 LB, 5 DB",;;;;;;;;;;,11,4,3,MAN_COVERAGE,COVER_1,False,00-0033699;00-0033578;00-0027859;00-0022942;00-0031353;00-0033910;00-0027953;00-0033536;00-0030279;00-0028142;00-0032160,Austin Ekeler;Sam Tevi;Russell Okung;Philip Rivers;Michael Schofield;Dan Feeney;Mike Pouncey;Mike Williams;Keenan Allen;Virgil Green;Tyrell Williams,00-0027736;00-0030411;00-0034743;00-0033132;00-0028015;00-0033954;00-0031218;00-0033878;00-0031054;00-0034659;00-0034828,Kendrick Lewis;Logan Ryan;Rashaan Evans;Kevin Byard;Jurrell Casey;Jayon Brown;Malcolm Butler;Adoree' Jackson;DaQuan Jones;Sharif Finch;Harold Landry III
2018_07_TEN_LAC,1029,run,4.0,54.0,50.0,LAC,2.0,2479.0,54.0,38.0,11:19,10:41,,10.0,6.0,1.0,10.0,"3 DL, 4 LB, 4 DB",;;;;;;;;;;,11,7,,,,,00-0033699;00-0033578;00-0027859;00-0022942;00-0031353;00-0033910;00-0027953;00-0030279;00-0033696;00-0028142;00-0032160,Austin Ekeler;Sam Tevi;Russell Okung;Philip Rivers;Michael Schofield;Dan Feeney;Mike Pouncey;Keenan Allen;Sean Culkin;Virgil Green;Tyrell Williams,00-0027736;00-0030411;00-0030507;00-0034743;00-0033132;00-0033954;00-0028015;00-0033878;00-0031054;00-0034659;00-0034828,Kendrick Lewis;Logan Ryan;Bennie Logan;Rashaan Evans;Kevin Byard;Jayon Brown;Jurrell Casey;Adoree' Jackson;DaQuan Jones;Sharif Finch;Harold Landry III
2018_07_TEN_LAC,1050,run,2.0,50.0,48.0,LAC,2.0,2441.0,50.0,44.0,10:41,9:57,,10.0,6.0,2.0,6.0,"3 DL, 4 LB, 4 DB",;;;;;;;;;;,11,8,,,,,00-0033699;00-0033578;00-0027859;00-0022942;00-0031353;00-0033910;00-0027953;00-0033536;00-0030279;00-0033696;00-0028142,Austin Ekeler;Sam Tevi;Russell Okung;Philip Rivers;Michael Schofield;Dan Feeney;Mike Pouncey;Mike Williams;Keenan Allen;Sean Culkin;Virgil Green,00-0027736;00-0030411;00-0030507;00-0034743;00-0033132;00-0033954;00-0028015;00-0033878;00-0031054;00-0034659;00-0034828,Kendrick Lewis;Logan Ryan;Bennie Logan;Rashaan Evans;Kevin Byard;Jayon Brown;Jurrell Casey;Adoree' Jackson;DaQuan Jones;Sharif Finch;Harold Landry III
2018_07_TEN_LAC,1071,pass,0.0,48.0,48.0,LAC,2.0,2397.0,48.0,6.0,9:57,9:51,,10.0,6.0,3.0,4.0,"1 DL, 5 LB, 5 DB",;;;;;;;;;;,11,4,3,MAN_COVERAGE,COVER_1,True,00-0033699;00-0033578;00-0027859;00-0022942;00-0031353;00-0021547;00-0033910;00-0027953;00-0033536;00-0030279;00-0032160,Austin Ekeler;Sam Tevi;Russell Okung;Philip Rivers;Michael Schofield;Antonio Gates;Dan Feeney;Mike Pouncey;Mike Williams;Keenan Allen;Tyrell Williams,00-0027736;00-0030411;00-0032386;00-0033132;00-0028015;00-0033954;00-0025828;00-0031218;00-0033878;00-0034828;00-0026989,Kendrick Lewis;Logan Ryan;Kamalei Correa;Kevin Byard;Jurrell Casey;Jayon Brown;Wesley Woodyard;Malcolm Butler;Adoree' Jackson;Harold Landry III;Brian Orakpo
2018_07_TEN_LAC,1093,punt,0.0,48.0,48.0,LAC,2.0,2391.0,48.0,9.0,9:51,9:42,,10.0,6.0,4.0,4.0,,;;;;;;;;;;,11,,,,,,00-0033566;00-0033941;00-0033588;00-0027247;00-0022684;00-0032110;00-0032081;00-0033697;00-0032916;00-0031404;00-0034350,Desmond King;Rayshawn Jenkins;Isaac Rochell;Mike Windt;Donnie Jones;Kyle Emanuel;Nick Dzubnar;Michael Davis;Trevor Williams;Adrian Phillips;Uchenna Nwosu,00-0030411;00-0029794;00-0032386;00-0034389;00-0031218;00-0033878;00-0034659;00-0030711;00-0032783;00-0033455;00-0030020,Logan Ryan;Daren Bates;Kamalei Correa;Dane Cruikshank;Malcolm Butler;Adoree' Jackson;Sharif Finch;David Fluellen;LeShaun Sims;Anthony Firkser;Brynden Trawick
2018_07_TEN_LAC,1112,run,2.0,95.0,93.0,TEN,2.0,2382.0,95.0,37.0,9:42,9:05,,10.0,6.0,1.0,10.0,"4 DL, 3 LB, 4 DB",;;;;;;;;;;,11,8,,,,,00-0028042;00-0033911;00-0033057;00-0029992;00-0031442;00-0032268;00-0029413;00-0031585;00-0030711;00-0033858;00-0033793,Luke Stocker;Taywan Taylor;Jack Conklin;Josh Kline;Taylor Lewan;Marcus Mariota;Ben Jones;MyCole Pruitt;David Fluellen;Jonnu Smith;Corey Levin,00-0030312;00-0029249;00-0032116;00-0030148;00-0032110;00-0032103;00-0032895;00-0025472;00-0029261;00-0032916;00-0034790,Jahleel Addae;Melvin Ingram;Darius Philon;Damion Square;Kyle Emanuel;Denzel Perryman;Jatavis Brown;Brandon Mebane;Casey Hayward;Trevor Williams;Derwin James
2018_07_TEN_LAC,1133,pass,10.0,93.0,83.0,TEN,2.0,2345.0,93.0,31.0,9:05,8:34,,10.0,6.0,2.0,8.0,"4 DL, 3 LB, 4 DB",;;;;;;;;;;,11,7,4,ZONE_COVERAGE,COVER_3,False,00-0028042;00-0033057;00-0029992;00-0031442;00-0032778;00-0032268;00-0029413;00-0030711;00-0033858;00-0033793;00-0033871,Luke Stocker;Jack Conklin;Josh Kline;Taylor Lewan;Tajae Sharpe;Marcus Mariota;Ben Jones;David Fluellen;Jonnu Smith;Corey Levin;Corey Davis,00-0029249;00-0030312;00-0032116;00-0030148;00-0032110;00-0032103;00-0032895;00-0025472;00-0032916;00-0029261;00-0034790,Melvin Ingram;Jahleel Addae;Darius Philon;Damion Square;Kyle Emanuel;Denzel Perryman;Jatavis Brown;Brandon Mebane;Trevor Williams;Casey Hayward;Derwin James
2018_07_TEN_LAC,1157,run,1.0,83.0,82.0,TEN,2.0,2314.0,83.0,41.0,8:34,7:53,,10.0,6.0,1.0,10.0,"4 DL, 3 LB, 4 DB",;;;;;;;;;;,11,8,4,,,,00-0028042;00-0033057;00-0029992;00-0031442;00-0032778;00-0032268;00-0029413;00-0030711;00-0033793;00-0033858;00-0033871,Luke Stocker;Jack Conklin;Josh Kline;Taylor Lewan;Tajae Sharpe;Marcus Mariota;Ben Jones;David Fluellen;Corey Levin;Jonnu Smith;Corey Davis,00-0030312;00-0029249;00-0032116;00-0030148;00-0032110;00-0032103;00-0032895;00-0025472;00-0029261;00-0032916;00-0034790,Jahleel Addae;Melvin Ingram;Darius Philon;Damion Square;Kyle Emanuel;Denzel Perryman;Jatavis Brown;Brandon Mebane;Casey Hayward;Trevor Williams;Derwin James
2018_07_TEN_LAC,1178,run,17.0,82.0,65.0,TEN,2.0,2273.0,82.0,45.0,7:53,7:08,,10.0,6.0,2.0,9.0,"4 DL, 1 LB, 6 DB",;;;;;;;;;;,11,6,,,,,00-0033911;00-0033057;00-0028087;00-0029992;00-0031442;00-0032778;00-0032268;00-0029413;00-0033793;00-0033858;00-0033871,Taywan Taylor;Jack Conklin;Dion Lewis;Josh Kline;Taylor Lewan;Tajae Sharpe;Marcus Mariota;Ben Jones;Corey Levin;Jonnu Smith;Corey Davis,00-0033566;00-0030312;00-0029249;00-0032116;00-0030148;00-0032103;00-0025472;00-0029261;00-0032916;00-0031404;00-0034790,Desmond King;Jahleel Addae;Melvin Ingram;Darius Philon;Damion Square;Denzel Perryman;Brandon Mebane;Casey Hayward;Trevor Williams;Adrian Phillips;Derwin James
2018_07_TEN_LAC,1199,run,2.0,65.0,63.0,TEN,2.0,2228.0,65.0,39.0,7:08,6:29,,10.0,6.0,1.0,10.0,"4 DL, 1 LB, 6 DB",;;;;;;;;;;,11,7,,,,,00-0028042;00-0033911;00-0033057;00-0028087;00-0029992;00-0031442;00-0032778;00-0032268;00-0029413;00-0033793;00-0033871,Luke Stocker;Taywan Taylor;Jack Conklin;Dion Lewis;Josh Kline;Taylor Lewan;Tajae Sharpe;Marcus Mariota;Ben Jones;Corey Levin;Corey Davis,00-0033566;00-0030312;00-0029249;00-0030148;00-0032103;00-0029261;00-0025472;00-0032916;00-0031404;00-0027956;00-0034790,Desmond King;Jahleel Addae;Melvin Ingram;Damion Square;Denzel Perryman;Casey Hayward;Brandon Mebane;Trevor Williams;Adrian Phillips;Corey Liuget;Derwin James
2018_07_TEN_LAC,1220,pass,6.0,63.0,57.0,TEN,2.0,2189.0,63.0,49.0,6:29,5:40,,10.0,6.0,2.0,8.0,"4 DL, 1 LB, 6 DB",;;;;;;;;;;,11,7,4,ZONE_COVERAGE,COVER_3,False,00-0033911;00-0033057;00-0028087;00-0029992;00-0031442;00-0032778;00-0032268;00-0029413;00-0033858;00-0033793;00-0033871,Taywan Taylor;Jack Conklin;Dion Lewis;Josh Kline;Taylor Lewan;Tajae Sharpe;Marcus Mariota;Ben Jones;Jonnu Smith;Corey Levin;Corey Davis,00-0033566;00-0029249;00-0030312;00-0030148;00-0032103;00-0025472;00-0029261;00-0032916;00-0031404;00-0027956;00-0034790,Desmond King;Melvin Ingram;Jahleel Addae;Damion Square;Denzel Perryman;Brandon Mebane;Casey Hayward;Trevor Williams;Adrian Phillips;Corey Liuget;Derwin James
2018_07_TEN_LAC,1244,timeout,0.0,,,,2.0,2140.0,,0.0,5:40,5:40,TEN,10.0,6.0,,0.0,,,0,,,,,,,,,
2018_07_TEN_LAC,1272,run,3.0,57.0,54.0,TEN,2.0,2140.0,57.0,38.0,5:40,5:02,,10.0,6.0,3.0,2.0,"4 DL, 1 LB, 6 DB",;;;;;;;;;;,11,7,,,,,00-0033057;00-0028087;00-0029992;00-0031442;00-0032778;00-0032268;00-0029413;00-0034652;00-0033793;00-0033455;00-0033871,Jack Conklin;Dion Lewis;Josh Kline;Taylor Lewan;Tajae Sharpe;Marcus Mariota;Ben Jones;Cameron Batson;Corey Levin;Anthony Firkser;Corey Davis,00-0033566;00-0029249;00-0030312;00-0032116;00-0033588;00-0032103;00-0029261;00-0032916;00-0031404;00-0027956;00-0034790,Desmond King;Melvin Ingram;Jahleel Addae;Darius Philon;Isaac Rochell;Denzel Perryman;Casey Hayward;Trevor Williams;Adrian Phillips;Corey Liuget;Derwin James
2018_07_TEN_LAC,1293,no_play,0.0,54.0,54.0,TEN,2.0,2102.0,54.0,27.0,5:02,4:35,,10.0,6.0,1.0,10.0,"4 DL, 1 LB, 6 DB",;;;;;;;;;;,11,8,,,,,00-0033911;00-0033057;00-0032764;00-0029992;00-0031442;00-0032268;00-0029413;00-0034652;00-0033793;00-0033858;00-0033871,Taywan Taylor;Jack Conklin;Derrick Henry;Josh Kline;Taylor Lewan;Marcus Mariota;Ben Jones;Cameron Batson;Corey Levin;Jonnu Smith;Corey Davis,00-0033566;00-0030312;00-0033588;00-0034677;00-0032905;00-0032103;00-0029261;00-0032916;00-0031404;00-0027956;00-0034790,Desmond King;Jahleel Addae;Isaac Rochell;Justin Jones;Chris Landrum;Denzel Perryman;Casey Hayward;Trevor Williams;Adrian Phillips;Corey Liuget;Derwin James
2018_07_TEN_LAC,1330,run,3.0,64.0,61.0,TEN,2.0,2075.0,64.0,30.0,4:35,4:05,,10.0,6.0,1.0,20.0,"4 DL, 1 LB, 6 DB",;;;;;;;;;;,11,6,4,,,,00-0033911;00-0033057;00-0028087;00-0029992;00-0031442;00-0032778;00-0032268;00-0029413;00-0033858;00-0033793;00-0033871,Taywan Taylor;Jack Conklin;Dion Lewis;Josh Kline;Taylor Lewan;Tajae Sharpe;Marcus Mariota;Ben Jones;Jonnu Smith;Corey Levin;Corey Davis,00-0033566;00-0030312;00-0033588;00-0034677;00-0032905;00-0032103;00-0029261;00-0032916;00-0031404;00-0027956;00-0034790,Desmond King;Jahleel Addae;Isaac Rochell;Justin Jones;Chris Landrum;Denzel Perryman;Casey Hayward;Trevor Williams;Adrian Phillips;Corey Liuget;Derwin James
2018_07_TEN_LAC,1389,run,12.0,66.0,54.0,TEN,2.0,2045.0,66.0,37.0,4:05,3:28,,10.0,6.0,2.0,22.0,"4 DL, 2 LB, 5 DB",;;;;;;;;;;,11,6,,,,,00-0033911;00-0033057;00-0028087;00-0029992;00-0031442;00-0032778;00-0032268;00-0029413;00-0033858;00-0033793;00-0033871,Taywan Taylor;Jack Conklin;Dion Lewis;Josh Kline;Taylor Lewan;Tajae Sharpe;Marcus Mariota;Ben Jones;Jonnu Smith;Corey Levin;Corey Davis,00-0033566;00-0029249;00-0030312;00-0033588;00-0034677;00-0032103;00-0032895;00-0029261;00-0032916;00-0027956;00-0034790,Desmond King;Melvin Ingram;Jahleel Addae;Isaac Rochell;Justin Jones;Denzel Perryman;Jatavis Brown;Casey Hayward;Trevor Williams;Corey Liuget;Derwin James
2018_07_TEN_LAC,1410,pass,19.0,54.0,35.0,TEN,2.0,2008.0,54.0,26.0,3:28,3:02,,10.0,6.0,3.0,10.0,"4 DL, 1 LB, 6 DB",;;;;;;;;;;,11,6,5,ZONE_COVERAGE,COVER_3,True,00-0033911;00-0033057;00-0028087;00-0029992;00-0031442;00-0032778;00-0032268;00-0029413;00-0033793;00-0033455;00-0033871,Taywan Taylor;Jack Conklin;Dion Lewis;Josh Kline;Taylor Lewan;Tajae Sharpe;Marcus Mariota;Ben Jones;Corey Levin;Anthony Firkser;Corey Davis,00-0033566;00-0029249;00-0030312;00-0033941;00-0032116;00-0033588;00-0032895;00-0029261;00-0032916;00-0027956;00-0034790,Desmond King;Melvin Ingram;Jahleel Addae;Rayshawn Jenkins;Darius Philon;Isaac Rochell;Jatavis Brown;Casey Hayward;Trevor Williams;Corey Liuget;Derwin James
2018_07_TEN_LAC,1434,pass,8.0,35.0,27.0,TEN,2.0,1982.0,35.0,24.0,3:02,2:38,,10.0,6.0,1.0,10.0,"4 DL, 2 LB, 5 DB",;;;;;;;;;;,11,7,4,ZONE_COVERAGE,COVER_3,False,00-0033911;00-0033057;00-0028087;00-0029992;00-0031442;00-0032778;00-0032268;00-0029413;00-0033793;00-0033455;00-0033871,Taywan Taylor;Jack Conklin;Dion Lewis;Josh Kline;Taylor Lewan;Tajae Sharpe;Marcus Mariota;Ben Jones;Corey Levin;Anthony Firkser;Corey Davis,00-0033566;00-0029249;00-0030312;00-0030148;00-0032103;00-0032895;00-0025472;00-0029261;00-0032916;00-0027956;00-0034790,Desmond King;Melvin Ingram;Jahleel Addae;Damion Square;Denzel Perryman;Jatavis Brown;Brandon Mebane;Casey Hayward;Trevor Williams;Corey Liuget;Derwin James
2018_07_TEN_LAC,1458,run,4.0,27.0,23.0,TEN,2.0,1958.0,27.0,38.0,2:38,2:00,,10.0,6.0,2.0,2.0,"4 DL, 2 LB, 5 DB",;;;;;;;;;;,11,7,5,,,,00-0033911;00-0033057;00-0028087;00-0029992;00-0031442;00-0032778;00-0032268;00-0029413;00-0033793;00-0033455;00-0033871,Taywan Taylor;Jack Conklin;Dion Lewis;Josh Kline;Taylor Lewan;Tajae Sharpe;Marcus Mariota;Ben Jones;Corey Levin;Anthony Firkser;Corey Davis,00-0033566;00-0030312;00-0029249;00-0030148;00-0032103;00-0032895;00-0025472;00-0029261;00-0032916;00-0027956;00-0034790,Desmond King;Jahleel Addae;Melvin Ingram;Damion Square;Denzel Perryman;Jatavis Brown;Brandon Mebane;Casey Hayward;Trevor Williams;Corey Liuget;Derwin James
2018_07_TEN_LAC,1501,pass,0.0,23.0,23.0,TEN,2.0,1920.0,23.0,40.0,2:00,1:20,,10.0,6.0,1.0,10.0,"4 DL, 2 LB, 5 DB",;;;;;;;;;;,11,7,3,ZONE_COVERAGE,COVER_3,False,00-0033911;00-0033057;00-0032764;00-0029992;00-0031442;00-0032268;00-0029413;00-0034652;00-0033793;00-0033858;00-0033871,Taywan Taylor;Jack Conklin;Derrick Henry;Josh Kline;Taylor Lewan;Marcus Mariota;Ben Jones;Cameron Batson;Corey Levin;Jonnu Smith;Corey Davis,00-0033566;00-0030312;00-0029249;00-0032116;00-0030148;00-0032103;00-0032895;00-0025472;00-0029261;00-0032916;00-0034790,Desmond King;Jahleel Addae;Melvin Ingram;Darius Philon;Damion Square;Denzel Perryman;Jatavis Brown;Brandon Mebane;Casey Hayward;Trevor Williams;Derwin James
2018_07_TEN_LAC,1525,pass,8.0,23.0,15.0,TEN,2.0,1880.0,23.0,35.0,1:20,0:45,,10.0,6.0,2.0,10.0,"4 DL, 2 LB, 5 DB",;;;;;;;;;;,11,6,4,ZONE_COVERAGE,COVER_2,False,00-0033911;00-0033057;00-0032764;00-0029992;00-0031442;00-0032778;00-0032268;00-0029413;00-0033793;00-0033858;00-0033871,Taywan Taylor;Jack Conklin;Derrick Henry;Josh Kline;Taylor Lewan;Tajae Sharpe;Marcus Mariota;Ben Jones;Corey Levin;Jonnu Smith;Corey Davis,00-0033566;00-0030312;00-0029249;00-0032116;00-0030148;00-0032103;00-0032895;00-0029261;00-0025472;00-0032916;00-0034790,Desmond King;Jahleel Addae;Melvin Ingram;Darius Philon;Damion Square;Denzel Perryman;Jatavis Brown;Casey Hayward;Brandon Mebane;Trevor Williams;Derwin James
2018_07_TEN_LAC,1549,pass,5.0,15.0,10.0,TEN,2.0,1845.0,15.0,6.0,0:45,0:39,,10.0,6.0,3.0,2.0,"4 DL, 2 LB, 5 DB",;;;;;;;;;;,11,7,5,MAN_COVERAGE,COVER_1,False,00-0033911;00-0033057;00-0028087;00-0029992;00-0031442;00-0032778;00-0032268;00-0029413;00-0033793;00-0033455;00-0033871,Taywan Taylor;Jack Conklin;Dion Lewis;Josh Kline;Taylor Lewan;Tajae Sharpe;Marcus Mariota;Ben Jones;Corey Levin;Anthony Firkser;Corey Davis,00-0033566;00-0030312;00-0029249;00-0032116;00-0033588;00-0032103;00-0032895;00-0029261;00-0032916;00-0027956;00-0034790,Desmond King;Jahleel Addae;Melvin Ingram;Darius Philon;Isaac Rochell;Denzel Perryman;Jatavis Brown;Casey Hayward;Trevor Williams;Corey Liuget;Derwin James
2018_07_TEN_LAC,1573,turnover,0.0,10.0,10.0,TEN,2.0,1839.0,10.0,10.0,0:39,0:29,,10.0,6.0,1.0,10.0,"4 DL, 2 LB, 5 DB",;;;;;;;;;;,11,6,3,ZONE_COVERAGE,COVER_3,False,00-0033911;00-0033057;00-0032764;00-0029992;00-0031442;00-0032778;00-0032268;00-0029413;00-0033793;00-0033858;00-0033871,Taywan Taylor;Jack Conklin;Derrick Henry;Josh Kline;Taylor Lewan;Tajae Sharpe;Marcus Mariota;Ben Jones;Corey Levin;Jonnu Smith;Corey Davis,00-0029249;00-0030312;00-0033566;00-0032116;00-0030148;00-0032103;00-0032895;00-0025472;00-0032916;00-0029261;00-0034790,Melvin Ingram;Jahleel Addae;Desmond King;Darius Philon;Damion Square;Denzel Perryman;Jatavis Brown;Brandon Mebane;Trevor Williams;Casey Hayward;Derwin James
2018_07_TEN_LAC,1609,run,1.0,80.0,79.0,LAC,2.0,1829.0,80.0,29.0,0:29,0:00,,10.0,6.0,1.0,10.0,"1 DL, 5 LB, 5 DB",;;;;;;;;;;,11,6,,,,,00-0033699;00-0022942;00-0027859;00-0031353;00-0028030;00-0021547;00-0027953;00-0033910;00-0033536;00-0030279;00-0032160,Austin Ekeler;Philip Rivers;Russell Okung;Michael Schofield;Joe Barksdale;Antonio Gates;Mike Pouncey;Dan Feeney;Mike Williams;Keenan Allen;Tyrell Williams,00-0027736;00-0030411;00-0032386;00-0033132;00-0025828;00-0033954;00-0028015;00-0031218;00-0033878;00-0034828;00-0026989,Kendrick Lewis;Logan Ryan;Kamalei Correa;Kevin Byard;Wesley Woodyard;Jayon Brown;Jurrell Casey;Malcolm Butler;Adoree' Jackson;Harold Landry III;Brian Orakpo
2018_07_TEN_LAC,1634,start_quarter_3,,,,,2.0,1800.0,,-39.0,0:00,0:39,,10.0,6.0,,0.0,,,0,,,,,,,,,
2018_07_TEN_LAC,1645,timeout,0.0,,,,2.0,1839.0,,39.0,0:39,0:00,TEN,10.0,6.0,,0.0,,,0,,,,,,,,,
2018_07_TEN_LAC,1658,kickoff,0.0,35.0,35.0,LAC,3.0,1800.0,35.0,0.0,15:00,15:00,,10.0,6.0,,0.0,,;;;;;;;;;;,11,,,,,,00-0027736;00-0029794;00-0026968;00-0032386;00-0034389;00-0031972;00-0030711;00-0034828;00-0034659;00-0032783;00-0030020,Kendrick Lewis;Daren Bates;Ryan Succop;Kamalei Correa;Dane Cruikshank;Darius Jennings;David Fluellen;Harold Landry III;Sharif Finch;LeShaun Sims;Brynden Trawick,00-0033566;00-0034565;00-0033941;00-0034545;00-0032905;00-0032110;00-0032897;00-0032081;00-0034440;00-0031404;00-0034350,Desmond King;Detrez Newsome;Rayshawn Jenkins;Brandon Facyson;Chris Landrum;Kyle Emanuel;Derek Watt;Nick Dzubnar;Justin Jackson;Adrian Phillips;Uchenna Nwosu
2018_07_TEN_LAC,1673,pass,13.0,75.0,62.0,LAC,3.0,1800.0,75.0,31.0,15:00,14:29,,10.0,6.0,1.0,10.0,"3 DL, 4 LB, 4 DB",;;;;;;;;;;,11,7,5,ZONE_COVERAGE,COVER_3,True,00-0033699;00-0027859;00-0022942;00-0029269;00-0031353;00-0028030;00-0027953;00-0033910;00-0030279;00-0033696;00-0028142,Austin Ekeler;Russell Okung;Philip Rivers;Travis Benjamin;Michael Schofield;Joe Barksdale;Mike Pouncey;Dan Feeney;Keenan Allen;Sean Culkin;Virgil Green,00-0027736;00-0030411;00-0034743;00-0032386;00-0033132;00-0028015;00-0025828;00-0033878;00-0031054;00-0032763;00-0026989,Kendrick Lewis;Logan Ryan;Rashaan Evans;Kamalei Correa;Kevin Byard;Jurrell Casey;Wesley Woodyard;Adoree' Jackson;DaQuan Jones;Austin Johnson;Brian Orakpo
2018_07_TEN_LAC,1702,pass,7.0,62.0,55.0,LAC,3.0,1769.0,62.0,37.0,14:29,13:52,,10.0,6.0,1.0,10.0,"2 DL, 4 LB, 5 DB",;;;;;;;;;;,11,6,4,ZONE_COVERAGE,COVER_3,True,00-0033699;00-0027859;00-0022942;00-0031353;00-0028030;00-0027953;00-0033910;00-0033536;00-0030279;00-0028142;00-0032160,Austin Ekeler;Russell Okung;Philip Rivers;Michael Schofield;Joe Barksdale;Mike Pouncey;Dan Feeney;Mike Williams;Keenan Allen;Virgil Green;Tyrell Williams,00-0027736;00-0030411;00-0032386;00-0033132;00-0033954;00-0025828;00-0028015;00-0031218;00-0031054;00-0033878;00-0026989,Kendrick Lewis;Logan Ryan;Kamalei Correa;Kevin Byard;Jayon Brown;Wesley Woodyard;Jurrell Casey;Malcolm Butler;DaQuan Jones;Adoree' Jackson;Brian Orakpo
2018_07_TEN_LAC,1726,pass,55.0,55.0,0.0,LAC,3.0,1732.0,55.0,6.0,13:52,13:46,,16.0,6.0,2.0,3.0,"3 DL, 4 LB, 4 DB",;;;;;;;;;;,11,6,4,ZONE_COVERAGE,COVER_4,False,00-0033699;00-0027859;00-0022942;00-0031353;00-0028030;00-0021547;00-0033910;00-0027953;00-0033536;00-0028142;00-0033696,Austin Ekeler;Russell Okung;Philip Rivers;Michael Schofield;Joe Barksdale;Antonio Gates;Dan Feeney;Mike Pouncey;Mike Williams;Virgil Green;Sean Culkin,00-0027736;00-0030411;00-0034743;00-0032386;00-0033132;00-0028015;00-0025828;00-0033878;00-0031054;00-0032763;00-0026989,Kendrick Lewis;Logan Ryan;Rashaan Evans;Kamalei Correa;Kevin Byard;Jurrell Casey;Wesley Woodyard;Adoree' Jackson;DaQuan Jones;Austin Johnson;Brian Orakpo
2018_07_TEN_LAC,1746,extra_point,0.0,15.0,15.0,LAC,3.0,1726.0,15.0,0.0,13:46,13:46,,17.0,6.0,,0.0,,;;;;;;;;;;,11,,,,,,00-0034084;00-0033588;00-0027247;00-0022684;00-0034392;00-0033578;00-0027859;00-0031353;00-0033910;00-0033696;00-0028142,Mike Badgley;Isaac Rochell;Mike Windt;Donnie Jones;Scott Quessenberry;Sam Tevi;Russell Okung;Michael Schofield;Dan Feeney;Sean Culkin;Virgil Green,00-0032138;00-0027736;00-0029794;00-0030507;00-0033954;00-0031218;00-0033878;00-0031054;00-0034659;00-0032763;00-0030020,Darius Kilgo;Kendrick Lewis;Daren Bates;Bennie Logan;Jayon Brown;Malcolm Butler;Adoree' Jackson;DaQuan Jones;Sharif Finch;Austin Johnson;Brynden Trawick
2018_07_TEN_LAC,1762,kickoff,0.0,35.0,35.0,TEN,3.0,1726.0,35.0,7.0,13:46,13:39,,17.0,6.0,,0.0,,;;;;;;;;;;,11,,,,,,00-0034565;00-0033941;00-0034084;00-0033588;00-0034545;00-0031953;00-0034440;00-0032081;00-0033697;00-0031404;00-0034350,Detrez Newsome;Rayshawn Jenkins;Mike Badgley;Isaac Rochell;Brandon Facyson;Geremy Davis;Justin Jackson;Nick Dzubnar;Michael Davis;Adrian Phillips;Uchenna Nwosu,00-0028042;00-0029794;00-0031972;00-0034389;00-0034659;00-0030711;00-0031585;00-0033455;00-0032783;00-0030020;00-0034720,Luke Stocker;Daren Bates;Darius Jennings;Dane Cruikshank;Sharif Finch;David Fluellen;MyCole Pruitt;Anthony Firkser;LeShaun Sims;Brynden Trawick;Robert Spillane
2018_07_TEN_LAC,1795,run,6.0,42.0,36.0,TEN,3.0,1719.0,42.0,38.0,13:39,13:01,,17.0,6.0,1.0,10.0,"4 DL, 3 LB, 4 DB",;;;;;;;;;;,11,8,,,,,00-0028042;00-0033057;00-0032764;00-0029992;00-0031442;00-0032778;00-0032268;00-0029413;00-0033793;00-0033858;00-0033871,Luke Stocker;Jack Conklin;Derrick Henry;Josh Kline;Taylor Lewan;Tajae Sharpe;Marcus Mariota;Ben Jones;Corey Levin;Jonnu Smith;Corey Davis,00-0030312;00-0029249;00-0032116;00-0030148;00-0032110;00-0032103;00-0032895;00-0025472;00-0029261;00-0032916;00-0034790,Jahleel Addae;Melvin Ingram;Darius Philon;Damion Square;Kyle Emanuel;Denzel Perryman;Jatavis Brown;Brandon Mebane;Casey Hayward;Trevor Williams;Derwin James
2018_07_TEN_LAC,1816,pass,10.0,36.0,26.0,TEN,3.0,1681.0,36.0,36.0,13:01,12:25,,17.0,6.0,2.0,4.0,"4 DL, 3 LB, 4 DB",;;;;;;;;;;,11,8,4,ZONE_COVERAGE,COVER_3,False,00-0028042;00-0033057;00-0032764;00-0029992;00-0031442;00-0032778;00-0032268;00-0029413;00-0033793;00-0033858;00-0033871,Luke Stocker;Jack Conklin;Derrick Henry;Josh Kline;Taylor Lewan;Tajae Sharpe;Marcus Mariota;Ben Jones;Corey Levin;Jonnu Smith;Corey Davis,00-0030312;00-0029249;00-0032116;00-0030148;00-0032110;00-0032103;00-0032895;00-0025472;00-0029261;00-0032916;00-0034790,Jahleel Addae;Melvin Ingram;Darius Philon;Damion Square;Kyle Emanuel;Denzel Perryman;Jatavis Brown;Brandon Mebane;Casey Hayward;Trevor Williams;Derwin James
2018_07_TEN_LAC,1840,pass,-7.0,26.0,33.0,TEN,3.0,1645.0,26.0,40.0,12:25,11:45,,17.0,6.0,1.0,10.0,"4 DL, 3 LB, 4 DB",;;;;;;;;;;,11,6,4,,,,00-0028042;00-0033911;00-0033057;00-0032764;00-0029992;00-0031442;00-0032268;00-0029413;00-0033793;00-0033858;00-0033871,Luke Stocker;Taywan Taylor;Jack Conklin;Derrick Henry;Josh Kline;Taylor Lewan;Marcus Mariota;Ben Jones;Corey Levin;Jonnu Smith;Corey Davis,00-0029249;00-0030312;00-0032116;00-0030148;00-0032110;00-0032103;00-0032895;00-0025472;00-0029261;00-0032916;00-0034790,Melvin Ingram;Jahleel Addae;Darius Philon;Damion Square;Kyle Emanuel;Denzel Perryman;Jatavis Brown;Brandon Mebane;Casey Hayward;Trevor Williams;Derwin James
2018_07_TEN_LAC,1860,pass,21.0,33.0,12.0,TEN,3.0,1605.0,33.0,35.0,11:45,11:10,,17.0,6.0,2.0,17.0,"4 DL, 1 LB, 6 DB",;;;;;;;;;;,11,4,3,ZONE_COVERAGE,COVER_3,False,00-0033911;00-0033057;00-0028087;00-0029992;00-0031442;00-0032778;00-0032268;00-0029413;00-0033858;00-0033793;00-0033871,Taywan Taylor;Jack Conklin;Dion Lewis;Josh Kline;Taylor Lewan;Tajae Sharpe;Marcus Mariota;Ben Jones;Jonnu Smith;Corey Levin;Corey Davis,00-0033566;00-0029249;00-0030312;00-0032116;00-0030148;00-0032103;00-0025472;00-0029261;00-0032916;00-0031404;00-0034790,Desmond King;Melvin Ingram;Jahleel Addae;Darius Philon;Damion Square;Denzel Perryman;Brandon Mebane;Casey Hayward;Trevor Williams;Adrian Phillips;Derwin James
2018_07_TEN_LAC,1884,run,8.0,12.0,4.0,TEN,3.0,1570.0,12.0,44.0,11:10,10:26,,17.0,6.0,1.0,10.0,"4 DL, 1 LB, 6 DB",;;;;;;;;;;,11,7,,,,,00-0033911;00-0033057;00-0028087;00-0029992;00-0031442;00-0032778;00-0032268;00-0029413;00-0033793;00-0033858;00-0033871,Taywan Taylor;Jack Conklin;Dion Lewis;Josh Kline;Taylor Lewan;Tajae Sharpe;Marcus Mariota;Ben Jones;Corey Levin;Jonnu Smith;Corey Davis,00-0033566;00-0030312;00-0032116;00-0033588;00-0034677;00-0032905;00-0032103;00-0029261;00-0032916;00-0031404;00-0034790,Desmond King;Jahleel Addae;Darius Philon;Isaac Rochell;Justin Jones;Chris Landrum;Denzel Perryman;Casey Hayward;Trevor Williams;Adrian Phillips;Derwin James
2018_07_TEN_LAC,1905,pass,3.0,4.0,1.0,TEN,3.0,1526.0,4.0,40.0,10:26,9:46,,17.0,6.0,2.0,2.0,"4 DL, 1 LB, 6 DB",;;;;;;;;;;,11,8,1,MAN_COVERAGE,COVER_0,False,00-0033911;00-0033057;00-0028087;00-0029992;00-0031442;00-0032778;00-0032268;00-0029413;00-0033793;00-0033858;00-0033871,Taywan Taylor;Jack Conklin;Dion Lewis;Josh Kline;Taylor Lewan;Tajae Sharpe;Marcus Mariota;Ben Jones;Corey Levin;Jonnu Smith;Corey Davis,00-0033566;00-0030312;00-0033588;00-0034677;00-0032905;00-0032103;00-0029261;00-0032916;00-0031404;00-0027956;00-0034790,Desmond King;Jahleel Addae;Isaac Rochell;Justin Jones;Chris Landrum;Denzel Perryman;Casey Hayward;Trevor Williams;Adrian Phillips;Corey Liuget;Derwin James
2018_07_TEN_LAC,1926,run,1.0,1.0,0.0,TEN,3.0,1486.0,1.0,3.0,9:46,9:43,,17.0,12.0,1.0,1.0,"4 DL, 1 LB, 6 DB",;;;;;;;;;;,11,7,,,,,00-0033911;00-0033057;00-0032764;00-0029992;00-0031442;00-0032778;00-0032268;00-0029413;00-0033793;00-0033858;00-0033871,Taywan Taylor;Jack Conklin;Derrick Henry;Josh Kline;Taylor Lewan;Tajae Sharpe;Marcus Mariota;Ben Jones;Corey Levin;Jonnu Smith;Corey Davis,00-0033566;00-0030312;00-0029249;00-0033588;00-0034677;00-0032103;00-0029261;00-0032916;00-0031404;00-0027956;00-0034790,Desmond King;Jahleel Addae;Melvin Ingram;Isaac Rochell;Justin Jones;Denzel Perryman;Casey Hayward;Trevor Williams;Adrian Phillips;Corey Liuget;Derwin James
2018_07_TEN_LAC,1948,extra_point,0.0,15.0,15.0,TEN,3.0,1483.0,15.0,0.0,9:43,9:43,,17.0,13.0,,0.0,,;;;;;;;;;;,11,,,,,,00-0028042;00-0034668;00-0025825;00-0033057;00-0026968;00-0029992;00-0031442;00-0029134;00-0032763;00-0033793;00-0029419,Luke Stocker;Aaron Stinnie;Brett Kern;Jack Conklin;Ryan Succop;Josh Kline;Taylor Lewan;Beau Brinkley;Austin Johnson;Corey Levin;Dennis Kelly,00-0030312;00-0032116;00-0033588;00-0034677;00-0032110;00-0033697;00-0032916;00-0031404;00-0034350;00-0027956;00-0034790,Jahleel Addae;Darius Philon;Isaac Rochell;Justin Jones;Kyle Emanuel;Michael Davis;Trevor Williams;Adrian Phillips;Uchenna Nwosu;Corey Liuget;Derwin James
2018_07_TEN_LAC,1964,kickoff,0.0,35.0,35.0,LAC,3.0,1483.0,35.0,7.0,9:43,9:36,,17.0,13.0,,0.0,,;;;;;;;;;;,11,,,,,,00-0027736;00-0029794;00-0026968;00-0032386;00-0031972;00-0034389;00-0034659;00-0030711;00-0034828;00-0032783;00-0030020,Kendrick Lewis;Daren Bates;Ryan Succop;Kamalei Correa;Darius Jennings;Dane Cruikshank;Sharif Finch;David Fluellen;Harold Landry III;LeShaun Sims;Brynden Trawick,00-0033566;00-0034565;00-0034545;00-0031953;00-0032110;00-0032905;00-0032897;00-0034440;00-0032081;00-0031404;00-0034350,Desmond King;Detrez Newsome;Brandon Facyson;Geremy Davis;Kyle Emanuel;Chris Landrum;Derek Watt;Justin Jackson;Nick Dzubnar;Adrian Phillips;Uchenna Nwosu
2018_07_TEN_LAC,1994,run,1.0,75.0,74.0,LAC,3.0,1476.0,75.0,41.0,9:36,8:55,,17.0,13.0,1.0,10.0,"3 DL, 4 LB, 4 DB",;;;;;;;;;;,11,7,,,,,00-0033699;00-0033578;00-0027859;00-0022942;00-0031353;00-0034440;00-0033910;00-0027953;00-0033536;00-0033696;00-0028142,Austin Ekeler;Sam Tevi;Russell Okung;Philip Rivers;Michael Schofield;Justin Jackson;Dan Feeney;Mike Pouncey;Mike Williams;Sean Culkin;Virgil Green,00-0027736;00-0030411;00-0034743;00-0032386;00-0033132;00-0028015;00-0025828;00-0033878;00-0031054;00-0032763;00-0026989,Kendrick Lewis;Logan Ryan;Rashaan Evans;Kamalei Correa;Kevin Byard;Jurrell Casey;Wesley Woodyard;Adoree' Jackson;DaQuan Jones;Austin Johnson;Brian Orakpo
2018_07_TEN_LAC,2015,pass,11.0,74.0,63.0,LAC,3.0,1435.0,74.0,42.0,8:55,8:13,,17.0,13.0,2.0,9.0,"2 DL, 4 LB, 5 DB",;;;;;;;;;;,11,7,6,MAN_COVERAGE,COVER_1,False,00-0033699;00-0033578;00-0027859;00-0022942;00-0031353;00-0034440;00-0027953;00-0033910;00-0030279;00-0028142;00-0032160,Austin Ekeler;Sam Tevi;Russell Okung;Philip Rivers;Michael Schofield;Justin Jackson;Mike Pouncey;Dan Feeney;Keenan Allen;Virgil Green;Tyrell Williams,00-0027736;00-0030411;00-0032386;00-0033132;00-0033954;00-0028015;00-0025828;00-0031218;00-0033878;00-0031054;00-0026989,Kendrick Lewis;Logan Ryan;Kamalei Correa;Kevin Byard;Jayon Brown;Jurrell Casey;Wesley Woodyard;Malcolm Butler;Adoree' Jackson;DaQuan Jones;Brian Orakpo
2018_07_TEN_LAC,2039,pass,6.0,63.0,57.0,LAC,3.0,1393.0,63.0,41.0,8:13,7:32,,17.0,13.0,1.0,10.0,"2 DL, 4 LB, 5 DB",;;;;;;;;;;,11,7,6,MAN_COVERAGE,COVER_1,True,00-0033699;00-0033578;00-0022942;00-0027859;00-0031353;00-0027953;00-0033910;00-0033536;00-0030279;00-0028142;00-0032160,Austin Ekeler;Sam Tevi;Philip Rivers;Russell Okung;Michael Schofield;Mike Pouncey;Dan Feeney;Mike Williams;Keenan Allen;Virgil Green;Tyrell Williams,00-0027736;00-0030411;00-0032386;00-0033132;00-0033954;00-0025828;00-0028015;00-0031218;00-0031054;00-0033878;00-0026989,Kendrick Lewis;Logan Ryan;Kamalei Correa;Kevin Byard;Jayon Brown;Wesley Woodyard;Jurrell Casey;Malcolm Butler;DaQuan Jones;Adoree' Jackson;Brian Orakpo
2018_07_TEN_LAC,2063,pass,-8.0,57.0,65.0,LAC,3.0,1352.0,57.0,47.0,7:32,6:45,,17.0,13.0,2.0,4.0,"2 DL, 4 LB, 5 DB",;;;;;;;;;;,11,6,4,,,,00-0033699;00-0033578;00-0022942;00-0027859;00-0029269;00-0031353;00-0033910;00-0027953;00-0030279;00-0028142;00-0032160,Austin Ekeler;Sam Tevi;Philip Rivers;Russell Okung;Travis Benjamin;Michael Schofield;Dan Feeney;Mike Pouncey;Keenan Allen;Virgil Green;Tyrell Williams,00-0027736;00-0030411;00-0032386;00-0033132;00-0033954;00-0025828;00-0028015;00-0031218;00-0033878;00-0031054;00-0026989,Kendrick Lewis;Logan Ryan;Kamalei Correa;Kevin Byard;Jayon Brown;Wesley Woodyard;Jurrell Casey;Malcolm Butler;Adoree' Jackson;DaQuan Jones;Brian Orakpo
2018_07_TEN_LAC,2086,pass,11.0,65.0,54.0,LAC,3.0,1305.0,65.0,31.0,6:45,6:14,,17.0,13.0,3.0,12.0,"1 DL, 5 LB, 5 DB",;;;;;;;;;;,11,6,4,MAN_COVERAGE,COVER_1,False,00-0033699;00-0033578;00-0027859;00-0022942;00-0031353;00-0021547;00-0033910;00-0027953;00-0033536;00-0030279;00-0032160,Austin Ekeler;Sam Tevi;Russell Okung;Philip Rivers;Michael Schofield;Antonio Gates;Dan Feeney;Mike Pouncey;Mike Williams;Keenan Allen;Tyrell Williams,00-0027736;00-0030411;00-0034743;00-0033132;00-0033954;00-0028015;00-0025828;00-0031218;00-0033878;00-0034828;00-0026989,Kendrick Lewis;Logan Ryan;Rashaan Evans;Kevin Byard;Jayon Brown;Jurrell Casey;Wesley Woodyard;Malcolm Butler;Adoree' Jackson;Harold Landry III;Brian Orakpo
2018_07_TEN_LAC,2110,no_play,0.0,54.0,54.0,LAC,3.0,1274.0,54.0,29.0,6:14,5:45,,17.0,13.0,4.0,1.0,"1 DL, 5 LB, 5 DB",;;;;;;;;;;,11,,,,,,00-0033699;00-0033578;00-0027859;00-0022942;00-0031353;00-0021547;00-0033910;00-0027953;00-0033536;00-0030279;00-0032160,Austin Ekeler;Sam Tevi;Russell Okung;Philip Rivers;Michael Schofield;Antonio Gates;Dan Feeney;Mike Pouncey;Mike Williams;Keenan Allen;Tyrell Williams,00-0027736;00-0030411;00-0034743;00-0033132;00-0033954;00-0028015;00-0025828;00-0031218;00-0033878;00-0034828;00-0026989,Kendrick Lewis;Logan Ryan;Rashaan Evans;Kevin Byard;Jayon Brown;Jurrell Casey;Wesley Woodyard;Malcolm Butler;Adoree' Jackson;Harold Landry III;Brian Orakpo
2018_07_TEN_LAC,2133,punt,0.0,59.0,59.0,LAC,3.0,1245.0,59.0,7.0,5:45,5:38,,17.0,13.0,4.0,6.0,,;;;;;;;;;;,11,,,,,,00-0033566;00-0033588;00-0027247;00-0022684;00-0034545;00-0031953;00-0032110;00-0032081;00-0033697;00-0031404;00-0034350,Desmond King;Isaac Rochell;Mike Windt;Donnie Jones;Brandon Facyson;Geremy Davis;Kyle Emanuel;Nick Dzubnar;Michael Davis;Adrian Phillips;Uchenna Nwosu,00-0030411;00-0029794;00-0032386;00-0034389;00-0031218;00-0033878;00-0034659;00-0030711;00-0033455;00-0032783;00-0030020,Logan Ryan;Daren Bates;Kamalei Correa;Dane Cruikshank;Malcolm Butler;Adoree' Jackson;Sharif Finch;David Fluellen;Anthony Firkser;LeShaun Sims;Brynden Trawick
2018_07_TEN_LAC,2158,run,6.0,81.0,75.0,TEN,3.0,1238.0,81.0,36.0,5:38,5:02,,17.0,13.0,1.0,10.0,"4 DL, 1 LB, 6 DB",;;;;;;;;;;,11,7,,,,,00-0033057;00-0033911;00-0032764;00-0029992;00-0031442;00-0032778;00-0032268;00-0029413;00-0033858;00-0033793;00-0033871,Jack Conklin;Taywan Taylor;Derrick Henry;Josh Kline;Taylor Lewan;Tajae Sharpe;Marcus Mariota;Ben Jones;Jonnu Smith;Corey Levin;Corey Davis,00-0033566;00-0029249;00-0030312;00-0032116;00-0030148;00-0032103;00-0032916;00-0025472;00-0029261;00-0031404;00-0034790,Desmond King;Melvin Ingram;Jahleel Addae;Darius Philon;Damion Square;Denzel Perryman;Trevor Williams;Brandon Mebane;Casey Hayward;Adrian Phillips;Derwin James
2018_07_TEN_LAC,2179,no_play,0.0,75.0,75.0,TEN,3.0,1202.0,75.0,14.0,5:02,4:48,,17.0,13.0,2.0,4.0,"4 DL, 1 LB, 6 DB",;;;;;;;;;;,11,6,,,,,00-0033911;00-0033057;00-0032764;00-0029992;00-0031442;00-0032778;00-0032268;00-0029413;00-0033793;00-0033858;00-0033871,Taywan Taylor;Jack Conklin;Derrick Henry;Josh Kline;Taylor Lewan;Tajae Sharpe;Marcus Mariota;Ben Jones;Corey Levin;Jonnu Smith;Corey Davis,00-0033566;00-0029249;00-0030312;00-0032116;00-0030148;00-0032103;00-0029261;00-0025472;00-0032916;00-0031404;00-0034790,Desmond King;Melvin Ingram;Jahleel Addae;Darius Philon;Damion Square;Denzel Perryman;Casey Hayward;Brandon Mebane;Trevor Williams;Adrian Phillips;Derwin James
2018_07_TEN_LAC,2218,run,11.0,87.0,76.0,TEN,3.0,1188.0,87.0,36.0,4:48,4:12,,17.0,13.0,2.0,16.0,"4 DL, 1 LB, 6 DB",;;;;;;;;;;,11,6,4,,,,00-0033911;00-0033057;00-0028087;00-0029992;00-0031442;00-0032778;00-0032268;00-0029413;00-0033793;00-0033858;00-0033871,Taywan Taylor;Jack Conklin;Dion Lewis;Josh Kline;Taylor Lewan;Tajae Sharpe;Marcus Mariota;Ben Jones;Corey Levin;Jonnu Smith;Corey Davis,00-0033566;00-0030312;00-0029249;00-0032116;00-0033588;00-0032103;00-0029261;00-0032916;00-0031404;00-0027956;00-0034790,Desmond King;Jahleel Addae;Melvin Ingram;Darius Philon;Isaac Rochell;Denzel Perryman;Casey Hayward;Trevor Williams;Adrian Phillips;Corey Liuget;Derwin James
2018_07_TEN_LAC,2239,pass,0.0,76.0,76.0,TEN,3.0,1152.0,76.0,5.0,4:12,4:07,,17.0,13.0,3.0,5.0,"4 DL, 0 LB, 7 DB",;;;;;;;;;;,11,7,5,MAN_COVERAGE,COVER_1,False,00-0033911;00-0033057;00-0028087;00-0029992;00-0031442;00-0032778;00-0032268;00-0029413;00-0033793;00-0033455;00-0033871,Taywan Taylor;Jack Conklin;Dion Lewis;Josh Kline;Taylor Lewan;Tajae Sharpe;Marcus Mariota;Ben Jones;Corey Levin;Anthony Firkser;Corey Davis,00-0033566;00-0030312;00-0029249;00-0033941;00-0032116;00-0033588;00-0029261;00-0032916;00-0031404;00-0027956;00-0034790,Desmond King;Jahleel Addae;Melvin Ingram;Rayshawn Jenkins;Darius Philon;Isaac Rochell;Casey Hayward;Trevor Williams;Adrian Phillips;Corey Liuget;Derwin James
2018_07_TEN_LAC,2261,punt,0.0,76.0,76.0,TEN,3.0,1147.0,76.0,11.0,4:07,3:56,,17.0,13.0,4.0,5.0,,;;;;;;;;;;,11,,,,,,00-0028042;00-0029794;00-0025825;00-0034389;00-0033132;00-0029134;00-0034828;00-0030711;00-0032783;00-0030020;00-0034720,Luke Stocker;Daren Bates;Brett Kern;Dane Cruikshank;Kevin Byard;Beau Brinkley;Harold Landry III;David Fluellen;LeShaun Sims;Brynden Trawick;Robert Spillane,00-0033566;00-0034565;00-0031953;00-0034545;00-0032897;00-0032081;00-0034440;00-0033697;00-0031404;00-0034350;00-0034790,Desmond King;Detrez Newsome;Geremy Davis;Brandon Facyson;Derek Watt;Nick Dzubnar;Justin Jackson;Michael Davis;Adrian Phillips;Uchenna Nwosu;Derwin James
2018_07_TEN_LAC,2286,run,11.0,66.0,55.0,LAC,3.0,1136.0,66.0,31.0,3:56,3:25,,17.0,13.0,1.0,10.0,"2 DL, 4 LB, 5 DB",;;;;;;;;;;,11,6,,,,,00-0033699;00-0033578;00-0027859;00-0022942;00-0031353;00-0033910;00-0027953;00-0033536;00-0030279;00-0028142;00-0032160,Austin Ekeler;Sam Tevi;Russell Okung;Philip Rivers;Michael Schofield;Dan Feeney;Mike Pouncey;Mike Williams;Keenan Allen;Virgil Green;Tyrell Williams,00-0027736;00-0030411;00-0030507;00-0033132;00-0033954;00-0025828;00-0031218;00-0033878;00-0034828;00-0032763;00-0034659,Kendrick Lewis;Logan Ryan;Bennie Logan;Kevin Byard;Jayon Brown;Wesley Woodyard;Malcolm Butler;Adoree' Jackson;Harold Landry III;Austin Johnson;Sharif Finch
2018_07_TEN_LAC,2307,pass,5.0,55.0,50.0,LAC,3.0,1105.0,55.0,44.0,3:25,2:41,,17.0,13.0,1.0,10.0,"2 DL, 4 LB, 5 DB",;;;;;;;;;;,11,7,4,ZONE_COVERAGE,COVER_3,False,00-0033699;00-0033578;00-0027859;00-0022942;00-0031353;00-0027953;00-0033910;00-0033536;00-0030279;00-0028142;00-0032160,Austin Ekeler;Sam Tevi;Russell Okung;Philip Rivers;Michael Schofield;Mike Pouncey;Dan Feeney;Mike Williams;Keenan Allen;Virgil Green;Tyrell Williams,00-0027736;00-0030411;00-0030507;00-0033132;00-0033954;00-0025828;00-0031218;00-0033878;00-0034659;00-0034828;00-0032763,Kendrick Lewis;Logan Ryan;Bennie Logan;Kevin Byard;Jayon Brown;Wesley Woodyard;Malcolm Butler;Adoree' Jackson;Sharif Finch;Harold Landry III;Austin Johnson
2018_07_TEN_LAC,2331,pass,0.0,50.0,50.0,LAC,3.0,1061.0,50.0,5.0,2:41,2:36,,17.0,13.0,2.0,5.0,"2 DL, 4 LB, 5 DB",;;;;;;;;;;,11,6,5,ZONE_COVERAGE,COVER_3,False,00-0033699;00-0033578;00-0027859;00-0022942;00-0031353;00-0027953;00-0033910;00-0033536;00-0030279;00-0028142;00-0032160,Austin Ekeler;Sam Tevi;Russell Okung;Philip Rivers;Michael Schofield;Mike Pouncey;Dan Feeney;Mike Williams;Keenan Allen;Virgil Green;Tyrell Williams,00-0027736;00-0030411;00-0030507;00-0033132;00-0033954;00-0025828;00-0031218;00-0033878;00-0034659;00-0034828;00-0032763,Kendrick Lewis;Logan Ryan;Bennie Logan;Kevin Byard;Jayon Brown;Wesley Woodyard;Malcolm Butler;Adoree' Jackson;Sharif Finch;Harold Landry III;Austin Johnson
2018_07_TEN_LAC,2353,pass,7.0,50.0,43.0,LAC,3.0,1056.0,50.0,40.0,2:36,1:56,,17.0,13.0,3.0,5.0,"1 DL, 5 LB, 5 DB",;;;;;;;;;;,11,6,6,MAN_COVERAGE,COVER_1,True,00-0033699;00-0033578;00-0022942;00-0027859;00-0031353;00-0021547;00-0033910;00-0027953;00-0033536;00-0030279;00-0032160,Austin Ekeler;Sam Tevi;Philip Rivers;Russell Okung;Michael Schofield;Antonio Gates;Dan Feeney;Mike Pouncey;Mike Williams;Keenan Allen;Tyrell Williams,00-0027736;00-0030411;00-0034743;00-0033132;00-0033954;00-0025828;00-0028015;00-0031218;00-0033878;00-0034828;00-0026989,Kendrick Lewis;Logan Ryan;Rashaan Evans;Kevin Byard;Jayon Brown;Wesley Woodyard;Jurrell Casey;Malcolm Butler;Adoree' Jackson;Harold Landry III;Brian Orakpo
2018_07_TEN_LAC,2377,run,4.0,43.0,39.0,LAC,3.0,1016.0,43.0,34.0,1:56,1:22,,17.0,13.0,1.0,10.0,"3 DL, 4 LB, 4 DB",;;;;;;;;;;,11,8,,,,,00-0033699;00-0033578;00-0027859;00-0022942;00-0031353;00-0032897;00-0033910;00-0027953;00-0030279;00-0028142;00-0032160,Austin Ekeler;Sam Tevi;Russell Okung;Philip Rivers;Michael Schofield;Derek Watt;Dan Feeney;Mike Pouncey;Keenan Allen;Virgil Green;Tyrell Williams,00-0027736;00-0030411;00-0034743;00-0033132;00-0028015;00-0025828;00-0033878;00-0031054;00-0034659;00-0032763;00-0034828,Kendrick Lewis;Logan Ryan;Rashaan Evans;Kevin Byard;Jurrell Casey;Wesley Woodyard;Adoree' Jackson;DaQuan Jones;Sharif Finch;Austin Johnson;Harold Landry III
2018_07_TEN_LAC,2398,timeout,0.0,,,,3.0,982.0,,0.0,1:22,1:22,TEN,17.0,13.0,,0.0,,,0,,,,,,,,,
2018_07_TEN_LAC,2415,pass,-1.0,39.0,40.0,LAC,3.0,982.0,39.0,43.0,1:22,0:39,,17.0,13.0,2.0,6.0,"2 DL, 4 LB, 5 DB",;;;;;;;;;;,11,6,6,,,,00-0033699;00-0033578;00-0027859;00-0022942;00-0031353;00-0027953;00-0033910;00-0033536;00-0030279;00-0028142;00-0032160,Austin Ekeler;Sam Tevi;Russell Okung;Philip Rivers;Michael Schofield;Mike Pouncey;Dan Feeney;Mike Williams;Keenan Allen;Virgil Green;Tyrell Williams,00-0027736;00-0030411;00-0032386;00-0033132;00-0033954;00-0028015;00-0025828;00-0031218;00-0033878;00-0031054;00-0026989,Kendrick Lewis;Logan Ryan;Kamalei Correa;Kevin Byard;Jayon Brown;Jurrell Casey;Wesley Woodyard;Malcolm Butler;Adoree' Jackson;DaQuan Jones;Brian Orakpo
2018_07_TEN_LAC,2434,pass,13.0,40.0,27.0,LAC,3.0,939.0,40.0,39.0,0:39,0:00,,17.0,13.0,3.0,7.0,"1 DL, 5 LB, 5 DB",;;;;;;;;;;,11,5,3,MAN_COVERAGE,COVER_1,False,00-0033699;00-0033578;00-0027859;00-0022942;00-0031353;00-0021547;00-0027953;00-0033910;00-0033536;00-0030279;00-0032160,Austin Ekeler;Sam Tevi;Russell Okung;Philip Rivers;Michael Schofield;Antonio Gates;Mike Pouncey;Dan Feeney;Mike Williams;Keenan Allen;Tyrell Williams,00-0027736;00-0030411;00-0032386;00-0033132;00-0033954;00-0028015;00-0025828;00-0031218;00-0033878;00-0034828;00-0026989,Kendrick Lewis;Logan Ryan;Kamalei Correa;Kevin Byard;Jayon Brown;Jurrell Casey;Wesley Woodyard;Malcolm Butler;Adoree' Jackson;Harold Landry III;Brian Orakpo
2018_07_TEN_LAC,2458,start_quarter_4,,,,LAC,3.0,900.0,,0.0,0:00,0:00,,17.0,13.0,,0.0,,,0,,,,,,,,,
2018_07_TEN_LAC,2475,run,9.0,27.0,18.0,LAC,4.0,900.0,27.0,34.0,15:00,14:26,,17.0,13.0,1.0,10.0,"2 DL, 4 LB, 5 DB",;;;;;;;;;;,11,6,,,,,00-0033699;00-0033578;00-0027859;00-0022942;00-0031353;00-0034440;00-0027953;00-0033910;00-0033536;00-0030279;00-0028142,Austin Ekeler;Sam Tevi;Russell Okung;Philip Rivers;Michael Schofield;Justin Jackson;Mike Pouncey;Dan Feeney;Mike Williams;Keenan Allen;Virgil Green,00-0027736;00-0030411;00-0032386;00-0033132;00-0033954;00-0028015;00-0025828;00-0031218;00-0033878;00-0031054;00-0026989,Kendrick Lewis;Logan Ryan;Kamalei Correa;Kevin Byard;Jayon Brown;Jurrell Casey;Wesley Woodyard;Malcolm Butler;Adoree' Jackson;DaQuan Jones;Brian Orakpo
2018_07_TEN_LAC,2501,run,-3.0,18.0,21.0,LAC,4.0,866.0,18.0,40.0,14:26,13:46,,17.0,13.0,2.0,1.0,"3 DL, 4 LB, 4 DB",;;;;;;;;;;,11,7,,,,,00-0033699;00-0033578;00-0027859;00-0022942;00-0031353;00-0033910;00-0027953;00-0030279;00-0033696;00-0028142;00-0032160,Austin Ekeler;Sam Tevi;Russell Okung;Philip Rivers;Michael Schofield;Dan Feeney;Mike Pouncey;Keenan Allen;Sean Culkin;Virgil Green;Tyrell Williams,00-0027736;00-0030411;00-0030507;00-0034743;00-0032386;00-0033132;00-0028015;00-0025828;00-0033878;00-0031054;00-0026989,Kendrick Lewis;Logan Ryan;Bennie Logan;Rashaan Evans;Kamalei Correa;Kevin Byard;Jurrell Casey;Wesley Woodyard;Adoree' Jackson;DaQuan Jones;Brian Orakpo
2018_07_TEN_LAC,2526,timeout,7.0,21.0,14.0,LAC,4.0,826.0,21.0,24.0,13:46,13:22,TEN,17.0,13.0,3.0,4.0,"1 DL, 5 LB, 5 DB",;;;;;;;;;;,11,6,4,MAN_COVERAGE,COVER_1,True,00-0033699;00-0033578;00-0027859;00-0022942;00-0031353;00-0021547;00-0027953;00-0033910;00-0033536;00-0030279;00-0032160,Austin Ekeler;Sam Tevi;Russell Okung;Philip Rivers;Michael Schofield;Antonio Gates;Mike Pouncey;Dan Feeney;Mike Williams;Keenan Allen;Tyrell Williams,00-0027736;00-0030411;00-0032386;00-0033132;00-0033954;00-0028015;00-0025828;00-0031218;00-0033878;00-0034828;00-0026989,Kendrick Lewis;Logan Ryan;Kamalei Correa;Kevin Byard;Jayon Brown;Jurrell Casey;Wesley Woodyard;Malcolm Butler;Adoree' Jackson;Harold Landry III;Brian Orakpo
2018_07_TEN_LAC,2567,pass,4.0,14.0,10.0,LAC,4.0,802.0,14.0,41.0,13:22,12:41,,17.0,13.0,1.0,10.0,"2 DL, 4 LB, 5 DB",;;;;;;;;;;,11,5,5,MAN_COVERAGE,COVER_1,False,00-0033699;00-0033578;00-0027859;00-0022942;00-0031353;00-0021547;00-0027953;00-0033910;00-0033536;00-0030279;00-0032160,Austin Ekeler;Sam Tevi;Russell Okung;Philip Rivers;Michael Schofield;Antonio Gates;Mike Pouncey;Dan Feeney;Mike Williams;Keenan Allen;Tyrell Williams,00-0027736;00-0030411;00-0030507;00-0032386;00-0033132;00-0033954;00-0025828;00-0031218;00-0033878;00-0034828;00-0032763,Kendrick Lewis;Logan Ryan;Bennie Logan;Kamalei Correa;Kevin Byard;Jayon Brown;Wesley Woodyard;Malcolm Butler;Adoree' Jackson;Harold Landry III;Austin Johnson
2018_07_TEN_LAC,2591,pass,0.0,10.0,10.0,LAC,4.0,761.0,10.0,5.0,12:41,12:36,,17.0,13.0,2.0,6.0,"3 DL, 4 LB, 4 DB",;;;;;;;;;;,11,7,6,MAN_COVERAGE,COVER_0,False,00-0033699;00-0033578;00-0027859;00-0022942;00-0031353;00-0028030;00-0033910;00-0027953;00-0030279;00-0028142;00-0032160,Austin Ekeler;Sam Tevi;Russell Okung;Philip Rivers;Michael Schofield;Joe Barksdale;Dan Feeney;Mike Pouncey;Keenan Allen;Virgil Green;Tyrell Williams,00-0027736;00-0030411;00-0030507;00-0034743;00-0032386;00-0033132;00-0025828;00-0033878;00-0031054;00-0034828;00-0032763,Kendrick Lewis;Logan Ryan;Bennie Logan;Rashaan Evans;Kamalei Correa;Kevin Byard;Wesley Woodyard;Adoree' Jackson;DaQuan Jones;Harold Landry III;Austin Johnson
2018_07_TEN_LAC,2615,pass,0.0,10.0,10.0,LAC,4.0,756.0,10.0,3.0,12:36,12:33,,17.0,13.0,3.0,6.0,"1 DL, 5 LB, 5 DB",;;;;;;;;;;,11,6,4,MAN_COVERAGE,COVER_0,True,00-0033699;00-0033578;00-0027859;00-0022942;00-0031353;00-0021547;00-0033910;00-0027953;00-0033536;00-0030279;00-0032160,Austin Ekeler;Sam Tevi;Russell Okung;Philip Rivers;Michael Schofield;Antonio Gates;Dan Feeney;Mike Pouncey;Mike Williams;Keenan Allen;Tyrell Williams,00-0027736;00-0030411;00-0032386;00-0033132;00-0028015;00-0033954;00-0025828;00-0031218;00-0033878;00-0034828;00-0026989,Kendrick Lewis;Logan Ryan;Kamalei Correa;Kevin Byard;Jurrell Casey;Jayon Brown;Wesley Woodyard;Malcolm Butler;Adoree' Jackson;Harold Landry III;Brian Orakpo
2018_07_TEN_LAC,2640,field_goal,0.0,10.0,10.0,LAC,4.0,753.0,10.0,4.0,12:33,12:29,,20.0,13.0,4.0,6.0,,;;;;;;;;;;,11,,,,,,00-0034084;00-0033588;00-0027247;00-0022684;00-0034392;00-0033578;00-0027859;00-0031353;00-0033910;00-0028142;00-0033696,Mike Badgley;Isaac Rochell;Mike Windt;Donnie Jones;Scott Quessenberry;Sam Tevi;Russell Okung;Michael Schofield;Dan Feeney;Virgil Green;Sean Culkin,00-0032138;00-0027736;00-0029794;00-0030507;00-0033954;00-0031218;00-0033878;00-0031054;00-0034659;00-0032763;00-0030020,Darius Kilgo;Kendrick Lewis;Daren Bates;Bennie Logan;Jayon Brown;Malcolm Butler;Adoree' Jackson;DaQuan Jones;Sharif Finch;Austin Johnson;Brynden Trawick
2018_07_TEN_LAC,2659,kickoff,0.0,35.0,35.0,TEN,4.0,749.0,35.0,7.0,12:29,12:22,,20.0,13.0,,0.0,,;;;;;;;;;;,11,,,,,,00-0034565;00-0034084;00-0033588;00-0034545;00-0031953;00-0034440;00-0032895;00-0032081;00-0033697;00-0031404;00-0034350,Detrez Newsome;Mike Badgley;Isaac Rochell;Brandon Facyson;Geremy Davis;Justin Jackson;Jatavis Brown;Nick Dzubnar;Michael Davis;Adrian Phillips;Uchenna Nwosu,00-0028042;00-0029794;00-0031972;00-0034389;00-0034659;00-0030711;00-0031585;00-0032783;00-0033455;00-0030020;00-0034720,Luke Stocker;Daren Bates;Darius Jennings;Dane Cruikshank;Sharif Finch;David Fluellen;MyCole Pruitt;LeShaun Sims;Anthony Firkser;Brynden Trawick;Robert Spillane
2018_07_TEN_LAC,2683,run,5.0,67.0,62.0,TEN,4.0,742.0,67.0,34.0,12:22,11:48,,20.0,13.0,1.0,10.0,"4 DL, 3 LB, 4 DB",;;;;;;;;;;,11,8,,,,,00-0028042;00-0033911;00-0033057;00-0028087;00-0029992;00-0031442;00-0032268;00-0029413;00-0031585;00-0033793;00-0033858,Luke Stocker;Taywan Taylor;Jack Conklin;Dion Lewis;Josh Kline;Taylor Lewan;Marcus Mariota;Ben Jones;MyCole Pruitt;Corey Levin;Jonnu Smith,00-0030312;00-0029249;00-0032116;00-0030148;00-0032110;00-0032103;00-0032895;00-0025472;00-0029261;00-0032916;00-0034790,Jahleel Addae;Melvin Ingram;Darius Philon;Damion Square;Kyle Emanuel;Denzel Perryman;Jatavis Brown;Brandon Mebane;Casey Hayward;Trevor Williams;Derwin James
2018_07_TEN_LAC,2704,pass,10.0,62.0,52.0,TEN,4.0,708.0,62.0,38.0,11:48,11:10,,20.0,13.0,2.0,5.0,"4 DL, 3 LB, 4 DB",;;;;;;;;;;,11,8,4,ZONE_COVERAGE,COVER_3,True,00-0028042;00-0033911;00-0033057;00-0028087;00-0029992;00-0031442;00-0032268;00-0029413;00-0031585;00-0033858;00-0033793,Luke Stocker;Taywan Taylor;Jack Conklin;Dion Lewis;Josh Kline;Taylor Lewan;Marcus Mariota;Ben Jones;MyCole Pruitt;Jonnu Smith;Corey Levin,00-0029249;00-0030312;00-0032116;00-0030148;00-0032110;00-0032103;00-0032895;00-0025472;00-0032916;00-0029261;00-0034790,Melvin Ingram;Jahleel Addae;Darius Philon;Damion Square;Kyle Emanuel;Denzel Perryman;Jatavis Brown;Brandon Mebane;Trevor Williams;Casey Hayward;Derwin James
2018_07_TEN_LAC,2728,pass,0.0,52.0,52.0,TEN,4.0,670.0,52.0,4.0,11:10,11:06,,20.0,13.0,1.0,10.0,"4 DL, 3 LB, 4 DB",;;;;;;;;;;,11,8,4,ZONE_COVERAGE,COVER_3,False,00-0028042;00-0033911;00-0033057;00-0028087;00-0029992;00-0031442;00-0032268;00-0029413;00-0031585;00-0033858;00-0033793,Luke Stocker;Taywan Taylor;Jack Conklin;Dion Lewis;Josh Kline;Taylor Lewan;Marcus Mariota;Ben Jones;MyCole Pruitt;Jonnu Smith;Corey Levin,00-0029249;00-0030312;00-0032116;00-0030148;00-0032110;00-0032103;00-0032895;00-0025472;00-0029261;00-0032916;00-0034790,Melvin Ingram;Jahleel Addae;Darius Philon;Damion Square;Kyle Emanuel;Denzel Perryman;Jatavis Brown;Brandon Mebane;Casey Hayward;Trevor Williams;Derwin James
2018_07_TEN_LAC,2750,pass,0.0,52.0,52.0,TEN,4.0,666.0,52.0,45.0,11:06,10:21,,20.0,13.0,2.0,10.0,"4 DL, 1 LB, 6 DB",;;;;;;;;;;,11,6,4,ZONE_COVERAGE,COVER_3,False,00-0033057;00-0028087;00-0029992;00-0031442;00-0032778;00-0032268;00-0029413;00-0034652;00-0033793;00-0033858;00-0033871,Jack Conklin;Dion Lewis;Josh Kline;Taylor Lewan;Tajae Sharpe;Marcus Mariota;Ben Jones;Cameron Batson;Corey Levin;Jonnu Smith;Corey Davis,00-0033566;00-0030312;00-0029249;00-0032116;00-0030148;00-0032895;00-0025472;00-0029261;00-0032916;00-0031404;00-0034790,Desmond King;Jahleel Addae;Melvin Ingram;Darius Philon;Damion Square;Jatavis Brown;Brandon Mebane;Casey Hayward;Trevor Williams;Adrian Phillips;Derwin James
2018_07_TEN_LAC,2774,pass,16.0,52.0,36.0,TEN,4.0,621.0,52.0,38.0,10:21,9:43,,20.0,13.0,3.0,10.0,"3 DL, 1 LB, 7 DB",;;;;;;;;;;,11,7,5,MAN_COVERAGE,COVER_1,True,00-0033057;00-0028087;00-0029992;00-0031442;00-0032778;00-0032268;00-0029413;00-0034652;00-0033793;00-0033455;00-0033871,Jack Conklin;Dion Lewis;Josh Kline;Taylor Lewan;Tajae Sharpe;Marcus Mariota;Ben Jones;Cameron Batson;Corey Levin;Anthony Firkser;Corey Davis,00-0033566;00-0030312;00-0029249;00-0033941;00-0033588;00-0029261;00-0032916;00-0031404;00-0034350;00-0027956;00-0034790,Desmond King;Jahleel Addae;Melvin Ingram;Rayshawn Jenkins;Isaac Rochell;Casey Hayward;Trevor Williams;Adrian Phillips;Uchenna Nwosu;Corey Liuget;Derwin James
2018_07_TEN_LAC,2798,run,-1.0,36.0,37.0,TEN,4.0,583.0,36.0,31.0,9:43,9:12,,20.0,13.0,1.0,10.0,"4 DL, 3 LB, 4 DB",;;;;;;;;;;,11,7,,,,,00-0028042;00-0033057;00-0028087;00-0029992;00-0031442;00-0032778;00-0032268;00-0029413;00-0033793;00-0033858;00-0033871,Luke Stocker;Jack Conklin;Dion Lewis;Josh Kline;Taylor Lewan;Tajae Sharpe;Marcus Mariota;Ben Jones;Corey Levin;Jonnu Smith;Corey Davis,00-0030312;00-0033588;00-0034677;00-0032110;00-0032905;00-0032103;00-0032895;00-0029261;00-0032916;00-0027956;00-0034790,Jahleel Addae;Isaac Rochell;Justin Jones;Kyle Emanuel;Chris Landrum;Denzel Perryman;Jatavis Brown;Casey Hayward;Trevor Williams;Corey Liuget;Derwin James
2018_07_TEN_LAC,2819,pass,4.0,37.0,33.0,TEN,4.0,552.0,37.0,42.0,9:12,8:30,,20.0,13.0,2.0,11.0,"4 DL, 3 LB, 4 DB",;;;;;;;;;;,11,6,4,ZONE_COVERAGE,COVER_3,False,00-0028042;00-0033057;00-0028087;00-0029992;00-0031442;00-0032778;00-0032268;00-0029413;00-0033793;00-0033858;00-0033871,Luke Stocker;Jack Conklin;Dion Lewis;Josh Kline;Taylor Lewan;Tajae Sharpe;Marcus Mariota;Ben Jones;Corey Levin;Jonnu Smith;Corey Davis,00-0030312;00-0033588;00-0034677;00-0032905;00-0032110;00-0032103;00-0032895;00-0032916;00-0029261;00-0027956;00-0034790,Jahleel Addae;Isaac Rochell;Justin Jones;Chris Landrum;Kyle Emanuel;Denzel Perryman;Jatavis Brown;Trevor Williams;Casey Hayward;Corey Liuget;Derwin James
2018_07_TEN_LAC,2843,pass,0.0,33.0,33.0,TEN,4.0,510.0,33.0,4.0,8:30,8:26,,20.0,13.0,3.0,7.0,"3 DL, 1 LB, 7 DB",;;;;;;;;;;,11,6,4,MAN_COVERAGE,COVER_1,True,00-0033911;00-0033057;00-0028087;00-0029992;00-0031442;00-0032778;00-0032268;00-0029413;00-0033793;00-0033455;00-0033871,Taywan Taylor;Jack Conklin;Dion Lewis;Josh Kline;Taylor Lewan;Tajae Sharpe;Marcus Mariota;Ben Jones;Corey Levin;Anthony Firkser;Corey Davis,00-0029249;00-0030312;00-0033566;00-0033941;00-0032116;00-0032916;00-0029261;00-0031404;00-0034350;00-0027956;00-0034790,Melvin Ingram;Jahleel Addae;Desmond King;Rayshawn Jenkins;Darius Philon;Trevor Williams;Casey Hayward;Adrian Phillips;Uchenna Nwosu;Corey Liuget;Derwin James
2018_07_TEN_LAC,2865,field_goal,0.0,33.0,33.0,TEN,4.0,506.0,33.0,5.0,8:26,8:21,,20.0,13.0,4.0,7.0,,;;;;;;;;;,10,,,,,,00-0028042;00-0034668;00-0025825;00-0033057;00-0026968;00-0029992;00-0031442;00-0029134;00-0032763;00-0033793;00-0029419,Luke Stocker;Aaron Stinnie;Brett Kern;Jack Conklin;Ryan Succop;Josh Kline;Taylor Lewan;Beau Brinkley;Austin Johnson;Corey Levin;Dennis Kelly,00-0030312;00-0033588;00-0034677;00-0032110;00-0033697;00-0032916;00-0031404;00-0034350;00-0027956;00-0034790,Jahleel Addae;Isaac Rochell;Justin Jones;Kyle Emanuel;Michael Davis;Trevor Williams;Adrian Phillips;Uchenna Nwosu;Corey Liuget;Derwin James
2018_07_TEN_LAC,2885,pass,-1.0,59.0,60.0,LAC,4.0,501.0,59.0,45.0,8:21,7:36,,20.0,13.0,1.0,10.0,"3 DL, 4 LB, 4 DB",;;;;;;;;;;,11,7,3,ZONE_COVERAGE,COVER_3,False,00-0033699;00-0027859;00-0022942;00-0031353;00-0032897;00-0028030;00-0027953;00-0033910;00-0033536;00-0030279;00-0028142,Austin Ekeler;Russell Okung;Philip Rivers;Michael Schofield;Derek Watt;Joe Barksdale;Mike Pouncey;Dan Feeney;Mike Williams;Keenan Allen;Virgil Green,00-0027736;00-0030411;00-0034743;00-0032386;00-0033132;00-0028015;00-0025828;00-0033878;00-0031054;00-0032763;00-0026989,Kendrick Lewis;Logan Ryan;Rashaan Evans;Kamalei Correa;Kevin Byard;Jurrell Casey;Wesley Woodyard;Adoree' Jackson;DaQuan Jones;Austin Johnson;Brian Orakpo
2018_07_TEN_LAC,2909,pass,0.0,60.0,60.0,LAC,4.0,456.0,60.0,3.0,7:36,7:33,,20.0,13.0,2.0,11.0,"2 DL, 4 LB, 5 DB",;;;;;;;;;;,11,7,5,MAN_COVERAGE,COVER_1,False,00-0033699;00-0027859;00-0022942;00-0029269;00-0031353;00-0028030;00-0027953;00-0033910;00-0030279;00-0028142;00-0032160,Austin Ekeler;Russell Okung;Philip Rivers;Travis Benjamin;Michael Schofield;Joe Barksdale;Mike Pouncey;Dan Feeney;Keenan Allen;Virgil Green;Tyrell Williams,00-0027736;00-0030411;00-0032386;00-0033132;00-0033954;00-0028015;00-0025828;00-0031218;00-0033878;00-0031054;00-0026989,Kendrick Lewis;Logan Ryan;Kamalei Correa;Kevin Byard;Jayon Brown;Jurrell Casey;Wesley Woodyard;Malcolm Butler;Adoree' Jackson;DaQuan Jones;Brian Orakpo
2018_07_TEN_LAC,2931,pass,11.0,60.0,49.0,LAC,4.0,453.0,60.0,22.0,7:33,7:11,,20.0,13.0,3.0,11.0,"1 DL, 5 LB, 5 DB",;;;;;;;;;;,11,4,4,MAN_COVERAGE,2_MAN,False,00-0033699;00-0027859;00-0022942;00-0031353;00-0028030;00-0021547;00-0033910;00-0027953;00-0033536;00-0030279;00-0032160,Austin Ekeler;Russell Okung;Philip Rivers;Michael Schofield;Joe Barksdale;Antonio Gates;Dan Feeney;Mike Pouncey;Mike Williams;Keenan Allen;Tyrell Williams,00-0027736;00-0030411;00-0032386;00-0033132;00-0033954;00-0028015;00-0025828;00-0031218;00-0033878;00-0034828;00-0026989,Kendrick Lewis;Logan Ryan;Kamalei Correa;Kevin Byard;Jayon Brown;Jurrell Casey;Wesley Woodyard;Malcolm Butler;Adoree' Jackson;Harold Landry III;Brian Orakpo
2018_07_TEN_LAC,2966,run,0.0,49.0,49.0,LAC,4.0,431.0,49.0,43.0,7:11,6:28,,20.0,13.0,1.0,10.0,"2 DL, 4 LB, 5 DB",;;;;;;;;;;,11,6,,,,,00-0033699;00-0027859;00-0022942;00-0031353;00-0028030;00-0027953;00-0033910;00-0033536;00-0030279;00-0028142;00-0032160,Austin Ekeler;Russell Okung;Philip Rivers;Michael Schofield;Joe Barksdale;Mike Pouncey;Dan Feeney;Mike Williams;Keenan Allen;Virgil Green;Tyrell Williams,00-0027736;00-0030411;00-0032386;00-0033132;00-0033954;00-0028015;00-0025828;00-0031218;00-0033878;00-0031054;00-0026989,Kendrick Lewis;Logan Ryan;Kamalei Correa;Kevin Byard;Jayon Brown;Jurrell Casey;Wesley Woodyard;Malcolm Butler;Adoree' Jackson;DaQuan Jones;Brian Orakpo
2018_07_TEN_LAC,2987,run,2.0,49.0,47.0,LAC,4.0,388.0,49.0,42.0,6:28,5:46,,20.0,13.0,2.0,10.0,"2 DL, 4 LB, 5 DB",;;;;;;;;;;,11,7,,,,,00-0027859;00-0022942;00-0031353;00-0034440;00-0028030;00-0033910;00-0027953;00-0033536;00-0030279;00-0028142;00-0032160,Russell Okung;Philip Rivers;Michael Schofield;Justin Jackson;Joe Barksdale;Dan Feeney;Mike Pouncey;Mike Williams;Keenan Allen;Virgil Green;Tyrell Williams,00-0027736;00-0030411;00-0032386;00-0033132;00-0033954;00-0028015;00-0025828;00-0031218;00-0033878;00-0031054;00-0026989,Kendrick Lewis;Logan Ryan;Kamalei Correa;Kevin Byard;Jayon Brown;Jurrell Casey;Wesley Woodyard;Malcolm Butler;Adoree' Jackson;DaQuan Jones;Brian Orakpo
2018_07_TEN_LAC,3008,pass,4.0,47.0,43.0,LAC,4.0,346.0,47.0,47.0,5:46,4:59,,20.0,13.0,3.0,8.0,"1 DL, 5 LB, 5 DB",;;;;;;;;;;,11,5,3,ZONE_COVERAGE,COVER_2,False,00-0033699;00-0027859;00-0022942;00-0031353;00-0028030;00-0021547;00-0033910;00-0027953;00-0033536;00-0030279;00-0032160,Austin Ekeler;Russell Okung;Philip Rivers;Michael Schofield;Joe Barksdale;Antonio Gates;Dan Feeney;Mike Pouncey;Mike Williams;Keenan Allen;Tyrell Williams,00-0027736;00-0030411;00-0032386;00-0033132;00-0033954;00-0028015;00-0025828;00-0031218;00-0033878;00-0034828;00-0026989,Kendrick Lewis;Logan Ryan;Kamalei Correa;Kevin Byard;Jayon Brown;Jurrell Casey;Wesley Woodyard;Malcolm Butler;Adoree' Jackson;Harold Landry III;Brian Orakpo
2018_07_TEN_LAC,3032,punt,0.0,43.0,43.0,LAC,4.0,299.0,43.0,4.0,4:59,4:55,,20.0,13.0,4.0,4.0,,;;;;;;;;;;,11,,,,,,00-0033566;00-0033941;00-0033588;00-0027247;00-0022684;00-0034545;00-0032110;00-0032081;00-0033697;00-0031404;00-0034350,Desmond King;Rayshawn Jenkins;Isaac Rochell;Mike Windt;Donnie Jones;Brandon Facyson;Kyle Emanuel;Nick Dzubnar;Michael Davis;Adrian Phillips;Uchenna Nwosu,00-0027736;00-0030411;00-0032386;00-0033132;00-0033954;00-0028015;00-0025828;00-0031218;00-0033878;00-0034828;00-0026989,Kendrick Lewis;Logan Ryan;Kamalei Correa;Kevin Byard;Jayon Brown;Jurrell Casey;Wesley Woodyard;Malcolm Butler;Adoree' Jackson;Harold Landry III;Brian Orakpo
2018_07_TEN_LAC,3051,run,4.0,89.0,85.0,TEN,4.0,295.0,89.0,31.0,4:55,4:24,,20.0,13.0,1.0,10.0,"4 DL, 1 LB, 6 DB",;;;;;;;;;;,11,7,,,,,00-0028042;00-0033057;00-0028087;00-0029992;00-0031442;00-0032778;00-0032268;00-0029413;00-0033793;00-0033858;00-0033871,Luke Stocker;Jack Conklin;Dion Lewis;Josh Kline;Taylor Lewan;Tajae Sharpe;Marcus Mariota;Ben Jones;Corey Levin;Jonnu Smith;Corey Davis,00-0033566;00-0030312;00-0029249;00-0032116;00-0030148;00-0032103;00-0025472;00-0029261;00-0032916;00-0031404;00-0034790,Desmond King;Jahleel Addae;Melvin Ingram;Darius Philon;Damion Square;Denzel Perryman;Brandon Mebane;Casey Hayward;Trevor Williams;Adrian Phillips;Derwin James
2018_07_TEN_LAC,3072,run,5.0,85.0,80.0,TEN,4.0,264.0,85.0,37.0,4:24,3:47,,20.0,13.0,2.0,6.0,"4 DL, 1 LB, 6 DB",;;;;;;;;;;,11,6,,,,,00-0033911;00-0033057;00-0028087;00-0029992;00-0031442;00-0032778;00-0032268;00-0029413;00-0033858;00-0033793;00-0033871,Taywan Taylor;Jack Conklin;Dion Lewis;Josh Kline;Taylor Lewan;Tajae Sharpe;Marcus Mariota;Ben Jones;Jonnu Smith;Corey Levin;Corey Davis,00-0029249;00-0030312;00-0033566;00-0032116;00-0030148;00-0032103;00-0025472;00-0032916;00-0029261;00-0031404;00-0034790,Melvin Ingram;Jahleel Addae;Desmond King;Darius Philon;Damion Square;Denzel Perryman;Brandon Mebane;Trevor Williams;Casey Hayward;Adrian Phillips;Derwin James
2018_07_TEN_LAC,3093,run,3.0,80.0,77.0,TEN,4.0,227.0,80.0,42.0,3:47,3:05,,20.0,13.0,3.0,1.0,"4 DL, 1 LB, 6 DB",;;;;;;;;;;,11,7,,,,,00-0028042;00-0033057;00-0028087;00-0032764;00-0029992;00-0031442;00-0032268;00-0029413;00-0033793;00-0033858;00-0033871,Luke Stocker;Jack Conklin;Dion Lewis;Derrick Henry;Josh Kline;Taylor Lewan;Marcus Mariota;Ben Jones;Corey Levin;Jonnu Smith;Corey Davis,00-0033566;00-0030312;00-0029249;00-0032116;00-0030148;00-0032895;00-0025472;00-0029261;00-0032916;00-0031404;00-0034790,Desmond King;Jahleel Addae;Melvin Ingram;Darius Philon;Damion Square;Jatavis Brown;Brandon Mebane;Casey Hayward;Trevor Williams;Adrian Phillips;Derwin James
2018_07_TEN_LAC,3114,run,11.0,77.0,66.0,TEN,4.0,185.0,77.0,7.0,3:05,2:58,,20.0,13.0,1.0,10.0,"4 DL, 3 LB, 4 DB",;;;;;;;;;;,11,7,4,,,,00-0028042;00-0033911;00-0033057;00-0028087;00-0029992;00-0031442;00-0032268;00-0029413;00-0033858;00-0033793;00-0033871,Luke Stocker;Taywan Taylor;Jack Conklin;Dion Lewis;Josh Kline;Taylor Lewan;Marcus Mariota;Ben Jones;Jonnu Smith;Corey Levin;Corey Davis,00-0030312;00-0029249;00-0032116;00-0030148;00-0032110;00-0032103;00-0032895;00-0025472;00-0029261;00-0032916;00-0034790,Jahleel Addae;Melvin Ingram;Darius Philon;Damion Square;Kyle Emanuel;Denzel Perryman;Jatavis Brown;Brandon Mebane;Casey Hayward;Trevor Williams;Derwin James
2018_07_TEN_LAC,3135,run,36.0,66.0,30.0,TEN,4.0,178.0,66.0,45.0,2:58,2:13,,20.0,13.0,1.0,10.0,"4 DL, 1 LB, 6 DB",;;;;;;;;;;,11,7,,,,,00-0028042;00-0033057;00-0028087;00-0031972;00-0029992;00-0031442;00-0032778;00-0032268;00-0029413;00-0033793;00-0033858,Luke Stocker;Jack Conklin;Dion Lewis;Darius Jennings;Josh Kline;Taylor Lewan;Tajae Sharpe;Marcus Mariota;Ben Jones;Corey Levin;Jonnu Smith,00-0033566;00-0029249;00-0030312;00-0032116;00-0033588;00-0032895;00-0029261;00-0025472;00-0032916;00-0031404;00-0034790,Desmond King;Melvin Ingram;Jahleel Addae;Darius Philon;Isaac Rochell;Jatavis Brown;Casey Hayward;Brandon Mebane;Trevor Williams;Adrian Phillips;Derwin James
2018_07_TEN_LAC,3156,pass,16.0,30.0,14.0,TEN,4.0,133.0,30.0,5.0,2:13,2:08,,20.0,13.0,1.0,10.0,"4 DL, 3 LB, 4 DB",;;;;;;;;;;,11,8,4,ZONE_COVERAGE,COVER_3,False,00-0028042;00-0033057;00-0032764;00-0031972;00-0029992;00-0031442;00-0032778;00-0032268;00-0029413;00-0033793;00-0033858,Luke Stocker;Jack Conklin;Derrick Henry;Darius Jennings;Josh Kline;Taylor Lewan;Tajae Sharpe;Marcus Mariota;Ben Jones;Corey Levin;Jonnu Smith,00-0029249;00-0030312;00-0033588;00-0030148;00-0032110;00-0032103;00-0032895;00-0029261;00-0032916;00-0027956;00-0034790,Melvin Ingram;Jahleel Addae;Isaac Rochell;Damion Square;Kyle Emanuel;Denzel Perryman;Jatavis Brown;Casey Hayward;Trevor Williams;Corey Liuget;Derwin James
2018_07_TEN_LAC,3180,run,2.0,14.0,12.0,TEN,4.0,128.0,14.0,8.0,2:08,2:00,,20.0,13.0,1.0,10.0,"4 DL, 3 LB, 4 DB",;;;;;;;;;;,11,7,,,,,00-0028042;00-0033057;00-0032764;00-0031972;00-0029992;00-0031442;00-0032778;00-0032268;00-0029413;00-0033793;00-0033858,Luke Stocker;Jack Conklin;Derrick Henry;Darius Jennings;Josh Kline;Taylor Lewan;Tajae Sharpe;Marcus Mariota;Ben Jones;Corey Levin;Jonnu Smith,00-0029249;00-0030312;00-0033588;00-0030148;00-0032110;00-0032103;00-0032895;00-0033697;00-0029261;00-0027956;00-0034790,Melvin Ingram;Jahleel Addae;Isaac Rochell;Damion Square;Kyle Emanuel;Denzel Perryman;Jatavis Brown;Michael Davis;Casey Hayward;Corey Liuget;Derwin James
2018_07_TEN_LAC,3218,run,4.0,12.0,8.0,TEN,4.0,120.0,12.0,38.0,2:00,1:22,,20.0,13.0,2.0,8.0,"4 DL, 3 LB, 4 DB",;;;;;;;;;;,11,8,,,,,00-0028042;00-0033057;00-0032764;00-0029992;00-0031442;00-0032778;00-0032268;00-0029413;00-0033793;00-0033858;00-0033871,Luke Stocker;Jack Conklin;Derrick Henry;Josh Kline;Taylor Lewan;Tajae Sharpe;Marcus Mariota;Ben Jones;Corey Levin;Jonnu Smith;Corey Davis,00-0029249;00-0030312;00-0030148;00-0032110;00-0032103;00-0032895;00-0025472;00-0033697;00-0029261;00-0027956;00-0034790,Melvin Ingram;Jahleel Addae;Damion Square;Kyle Emanuel;Denzel Perryman;Jatavis Brown;Brandon Mebane;Michael Davis;Casey Hayward;Corey Liuget;Derwin James
2018_07_TEN_LAC,3239,pass,6.0,8.0,2.0,TEN,4.0,82.0,8.0,35.0,1:22,0:47,,20.0,13.0,3.0,4.0,"3 DL, 2 LB, 6 DB",;;;;;;;;;;,11,6,3,ZONE_COVERAGE,COVER_3,False,00-0033911;00-0033057;00-0028087;00-0029992;00-0031442;00-0032778;00-0032268;00-0029413;00-0033793;00-0033858;00-0033871,Taywan Taylor;Jack Conklin;Dion Lewis;Josh Kline;Taylor Lewan;Tajae Sharpe;Marcus Mariota;Ben Jones;Corey Levin;Jonnu Smith;Corey Davis,00-0029249;00-0030312;00-0033566;00-0032116;00-0033588;00-0032103;00-0033697;00-0029261;00-0031404;00-0034350;00-0034790,Melvin Ingram;Jahleel Addae;Desmond King;Darius Philon;Isaac Rochell;Denzel Perryman;Michael Davis;Casey Hayward;Adrian Phillips;Uchenna Nwosu;Derwin James
2018_07_TEN_LAC,3263,run,-1.0,2.0,3.0,TEN,4.0,47.0,2.0,4.0,0:47,0:43,,20.0,13.0,1.0,2.0,"3 DL, 2 LB, 6 DB",;;;;;;;;;;,11,7,,,,,00-0033911;00-0033057;00-0028087;00-0029992;00-0031442;00-0032778;00-0032268;00-0029413;00-0033793;00-0033858;00-0033871,Taywan Taylor;Jack Conklin;Dion Lewis;Josh Kline;Taylor Lewan;Tajae Sharpe;Marcus Mariota;Ben Jones;Corey Levin;Jonnu Smith;Corey Davis,00-0033566;00-0029249;00-0030312;00-0032116;00-0033588;00-0032103;00-0029261;00-0033697;00-0031404;00-0034350;00-0034790,Desmond King;Melvin Ingram;Jahleel Addae;Darius Philon;Isaac Rochell;Denzel Perryman;Casey Hayward;Michael Davis;Adrian Phillips;Uchenna Nwosu;Derwin James
2018_07_TEN_LAC,3284,timeout,0.0,,,,4.0,43.0,,0.0,0:43,0:43,TEN,20.0,13.0,,0.0,,,0,,,,,,,,,
2018_07_TEN_LAC,3301,pass,0.0,3.0,3.0,TEN,4.0,43.0,3.0,3.0,0:43,0:40,,20.0,13.0,2.0,3.0,"4 DL, 1 LB, 6 DB",;;;;;;;;;;,11,7,3,MAN_COVERAGE,COVER_1,False,00-0028042;00-0033057;00-0028087;00-0031442;00-0032778;00-0032268;00-0029413;00-0033793;00-0033858;00-0029419;00-0033871,Luke Stocker;Jack Conklin;Dion Lewis;Taylor Lewan;Tajae Sharpe;Marcus Mariota;Ben Jones;Corey Levin;Jonnu Smith;Dennis Kelly;Corey Davis,00-0033566;00-0030312;00-0029249;00-0030148;00-0032103;00-0029261;00-0025472;00-0033697;00-0031404;00-0027956;00-0034790,Desmond King;Jahleel Addae;Melvin Ingram;Damion Square;Denzel Perryman;Casey Hayward;Brandon Mebane;Michael Davis;Adrian Phillips;Corey Liuget;Derwin James
2018_07_TEN_LAC,3331,run,2.0,3.0,1.0,TEN,4.0,40.0,3.0,5.0,0:40,0:35,,20.0,13.0,3.0,3.0,"4 DL, 1 LB, 6 DB",;;;;;;;;;;,11,7,4,,,,00-0033911;00-0033057;00-0028087;00-0031442;00-0032778;00-0032268;00-0029413;00-0033793;00-0033858;00-0029419;00-0033871,Taywan Taylor;Jack Conklin;Dion Lewis;Taylor Lewan;Tajae Sharpe;Marcus Mariota;Ben Jones;Corey Levin;Jonnu Smith;Dennis Kelly;Corey Davis,00-0030312;00-0029249;00-0033566;00-0030148;00-0032103;00-0033697;00-0025472;00-0029261;00-0031404;00-0027956;00-0034790,Jahleel Addae;Melvin Ingram;Desmond King;Damion Square;Denzel Perryman;Michael Davis;Brandon Mebane;Casey Hayward;Adrian Phillips;Corey Liuget;Derwin James
2018_07_TEN_LAC,3380,timeout,0.0,,,,4.0,35.0,,0.0,0:35,0:35,LAC,20.0,13.0,,0.0,,,0,,,,,,,,,
2018_07_TEN_LAC,3397,pass,1.0,1.0,0.0,TEN,4.0,35.0,1.0,4.0,0:35,0:31,,20.0,19.0,4.0,1.0,"6 DL, 2 LB, 3 DB",;;;;;;;;;;,11,11,6,MAN_COVERAGE,COVER_0,False,00-0028042;00-0033057;00-0032764;00-0031442;00-0032268;00-0029413;00-0031585;00-0033793;00-0033858;00-0033455;00-0029419,Luke Stocker;Jack Conklin;Derrick Henry;Taylor Lewan;Marcus Mariota;Ben Jones;MyCole Pruitt;Corey Levin;Jonnu Smith;Anthony Firkser;Dennis Kelly,00-0030312;00-0029249;00-0033941;00-0032116;00-0033588;00-0030148;00-0034677;00-0032110;00-0032103;00-0025472;00-0031404,Jahleel Addae;Melvin Ingram;Rayshawn Jenkins;Darius Philon;Isaac Rochell;Damion Square;Justin Jones;Kyle Emanuel;Denzel Perryman;Brandon Mebane;Adrian Phillips
2018_07_TEN_LAC,3422,no_play,0.0,2.0,2.0,TEN,4.0,31.0,2.0,0.0,0:31,0:31,,20.0,19.0,,0.0,"4 DL, 1 LB, 6 DB",;;;;;;;;;;,11,6,,,,,00-0033911;00-0033057;00-0028087;00-0031442;00-0032778;00-0032268;00-0029413;00-0033793;00-0033858;00-0029419;00-0033871,Taywan Taylor;Jack Conklin;Dion Lewis;Taylor Lewan;Tajae Sharpe;Marcus Mariota;Ben Jones;Corey Levin;Jonnu Smith;Dennis Kelly;Corey Davis,00-0029249;00-0030312;00-0033566;00-0032116;00-0030148;00-0032103;00-0033697;00-0025472;00-0029261;00-0031404;00-0034790,Melvin Ingram;Jahleel Addae;Desmond King;Darius Philon;Damion Square;Denzel Perryman;Michael Davis;Brandon Mebane;Casey Hayward;Adrian Phillips;Derwin James
2018_07_TEN_LAC,3447,pass,0.0,1.0,1.0,TEN,4.0,31.0,1.0,0.0,0:31,0:31,,20.0,19.0,,0.0,"4 DL, 1 LB, 6 DB",;;;;;;;;;;,11,8,,,,,00-0033911;00-0033057;00-0028087;00-0031442;00-0032778;00-0032268;00-0029413;00-0033793;00-0033858;00-0029419;00-0033871,Taywan Taylor;Jack Conklin;Dion Lewis;Taylor Lewan;Tajae Sharpe;Marcus Mariota;Ben Jones;Corey Levin;Jonnu Smith;Dennis Kelly;Corey Davis,00-0030312;00-0029249;00-0033566;00-0030148;00-0032103;00-0025472;00-0033697;00-0029261;00-0031404;00-0027956;00-0034790,Jahleel Addae;Melvin Ingram;Desmond King;Damion Square;Denzel Perryman;Brandon Mebane;Michael Davis;Casey Hayward;Adrian Phillips;Corey Liuget;Derwin James
2018_07_TEN_LAC,3461,kickoff,0.0,35.0,35.0,LAC,4.0,31.0,35.0,1.0,0:31,0:30,,20.0,19.0,,0.0,,;;;;;;;;;;,11,,,,,,00-0027736;00-0029794;00-0026968;00-0032386;00-0034389;00-0033954;00-0032778;00-0030711;00-0032783;00-0033455;00-0030020,Kendrick Lewis;Daren Bates;Ryan Succop;Kamalei Correa;Dane Cruikshank;Jayon Brown;Tajae Sharpe;David Fluellen;LeShaun Sims;Anthony Firkser;Brynden Trawick,00-0033566;00-0033941;00-0033699;00-0032110;00-0032897;00-0032081;00-0032895;00-0032916;00-0031404;00-0030279;00-0034790,Desmond King;Rayshawn Jenkins;Austin Ekeler;Kyle Emanuel;Derek Watt;Nick Dzubnar;Jatavis Brown;Trevor Williams;Adrian Phillips;Keenan Allen;Derwin James
2018_07_TEN_LAC,3487,qb_kneel,-1.0,49.0,50.0,LAC,4.0,30.0,49.0,30.0,0:30,0:00,,20.0,19.0,1.0,10.0,"3 DL, 4 LB, 4 DB",;;;;;;;;;;,11,8,,,,,00-0033699;00-0031953;00-0033578;00-0022942;00-0027859;00-0032897;00-0031353;00-0027953;00-0033910;00-0033696;00-0028142,Austin Ekeler;Geremy Davis;Sam Tevi;Philip Rivers;Russell Okung;Derek Watt;Michael Schofield;Mike Pouncey;Dan Feeney;Sean Culkin;Virgil Green,00-0027736;00-0030411;00-0034743;00-0032386;00-0033132;00-0025828;00-0028015;00-0031054;00-0033878;00-0032763;00-0026989,Kendrick Lewis;Logan Ryan;Rashaan Evans;Kamalei Correa;Kevin Byard;Wesley Woodyard;Jurrell Casey;DaQuan Jones;Adoree' Jackson;Austin Johnson;Brian Orakpo
2018_07_TEN_LAC,3508,end_game,,,,LAC,4.0,0.0,,0.0,0:00,0:00,,20.0,19.0,,0.0,,,0,,,,,,,,,
