game_id,play_id,play_type,yards_gained,starting_yard,ending_yard,time_of_play,time_on_clock_start,time_on_clock_end,timeout_team,home_team_score,away_team_score,down,yds_to_go,defense_personnel,defense_positions,n_defense,defenders_in_box,number_of_pass_rushers,defense_man_zone_type,defense_coverage_type,was_pressure,offense_player_ids,offense_player_names,defense_player_ids,defense_player_names
2021_01_CHI_LA,1,start_quarter_1,,,,0.0,15:00,15:00,,0.0,0.0,,0.0,,,0,,,,,,,,,
2021_01_CHI_LA,42,kickoff,0.0,35.0,35.0,10.0,15:00,14:50,,0.0,0.0,,0.0,,;;;;;;;;;;,11,,,,,,00-0036421;00-0036918;00-0035663;00-0034813;00-0035617;00-0035783;00-0035269;00-0035669;00-0034812;00-0036994;00-0036860,Terrell Burgess;Jacob Harris;Taylor Rapp;Justin Lawler;Troy Reeder;Tyler Hall;Matt Gay;Nick Scott;Travin Howard;Ernest Jones;Jake Funk,00-0036290;00-0032135;00-0032986;00-0035293;00-0036906;00-0032790;00-0032774;00-0036704;00-0034801;00-0031130;00-0031258,Cole Kmet;Jesse James;J.P. Holtz;Xavier Crawford;Khalil Herbert;DeAndre Houston-Carson;Deon Bush;Caleb Johnson;Josh Woods;Christian Jones;Jeremiah Attaochu
2021_01_CHI_LA,69,pass,4.0,57.0,53.0,25.0,14:50,14:25,,0.0,0.0,1.0,10.0,"4 DL, 2 LB, 5 DB",;;;;;;;;;;,11,6,4,ZONE_COVERAGE,COVER_6,False,00-0036290;00-0036309;00-0031428;00-0022531;00-0027696;00-0035685;00-0032768;00-0027973;00-0032384;00-0034347;00-0035062,Cole Kmet;Darnell Mooney;Allen Robinson;Jason Peters;Jimmy Graham;David Montgomery;Cody Whitehair;Andy Dalton;Germain Ifedi;James Daniels;Sam Mustipher,00-0033072;00-0035933;00-0035663;00-0035667;00-0034266;00-0035665;00-0031388;00-0034810;00-0034203;00-0033055;00-0036431,Leonard Floyd;Michael Hoecht;Taylor Rapp;Greg Gaines;Kenny Young;David Long;Aaron Donald;Sebastian Joseph-Day;Darious Williams;Jalen Ramsey;Jordan Fuller
2021_01_CHI_LA,93,run,41.0,53.0,12.0,39.0,14:25,13:46,,0.0,0.0,2.0,6.0,"4 DL, 2 LB, 5 DB",;;;;;;;;;;,11,6,,,,,00-0036290;00-0036309;00-0031428;00-0022531;00-0027696;00-0035685;00-0032768;00-0027973;00-0032384;00-0034347;00-0035062,Cole Kmet;Darnell Mooney;Allen Robinson;Jason Peters;Jimmy Graham;David Montgomery;Cody Whitehair;Andy Dalton;Germain Ifedi;James Daniels;Sam Mustipher,00-0033072;00-0035933;00-0035663;00-0035667;00-0034266;00-0035665;00-0031388;00-0034810;00-0034203;00-0033055;00-0036431,Leonard Floyd;Michael Hoecht;Taylor Rapp;Greg Gaines;Kenny Young;David Long;Aaron Donald;Sebastian Joseph-Day;Darious Williams;Jalen Ramsey;Jordan Fuller
2021_01_CHI_LA,119,run,0.0,12.0,12.0,39.0,13:46,13:07,,0.0,0.0,1.0,10.0,"3 DL, 3 LB, 5 DB",;;;;;;;;;;,11,5,,,,,00-0036309;00-0031428;00-0022531;00-0027696;00-0030874;00-0032768;00-0027973;00-0032384;00-0030068;00-0034347;00-0035062,Darnell Mooney;Allen Robinson;Jason Peters;Jimmy Graham;Damien Williams;Cody Whitehair;Andy Dalton;Germain Ifedi;Marquise Goodwin;James Daniels;Sam Mustipher,00-0033072;00-0035591;00-0035663;00-0035667;00-0034266;00-0035665;00-0031388;00-0034810;00-0034203;00-0033055;00-0036431,Leonard Floyd;Justin Hollins;Taylor Rapp;Greg Gaines;Kenny Young;David Long;Aaron Donald;Sebastian Joseph-Day;Darious Williams;Jalen Ramsey;Jordan Fuller
2021_01_CHI_LA,140,pass,9.0,12.0,3.0,41.0,13:07,12:26,,0.0,0.0,2.0,10.0,"3 DL, 3 LB, 5 DB",;;;;;;;;;;,11,6,3,ZONE_COVERAGE,COVER_3,False,00-0036945;00-0036309;00-0031428;00-0022531;00-0035685;00-0030874;00-0032768;00-0032384;00-0030068;00-0034347;00-0035062,Justin Fields;Darnell Mooney;Allen Robinson;Jason Peters;David Montgomery;Damien Williams;Cody Whitehair;Germain Ifedi;Marquise Goodwin;James Daniels;Sam Mustipher,00-0033072;00-0035591;00-0035663;00-0032889;00-0034266;00-0035665;00-0031388;00-0034810;00-0034203;00-0033055;00-0036431,Leonard Floyd;Justin Hollins;Taylor Rapp;A'Shawn Robinson;Kenny Young;David Long;Aaron Donald;Sebastian Joseph-Day;Darious Williams;Jalen Ramsey;Jordan Fuller
2021_01_CHI_LA,168,no_play,0.0,3.0,3.0,26.0,12:26,12:00,,0.0,0.0,3.0,1.0,"3 DL, 4 LB, 4 DB",;;;;;;;;;;,11,,,,,,00-0036290;00-0032135;00-0032986;00-0031428;00-0022531;00-0035685;00-0032768;00-0027973;00-0032384;00-0034347;00-0035062,Cole Kmet;Jesse James;J.P. Holtz;Allen Robinson;Jason Peters;David Montgomery;Cody Whitehair;Andy Dalton;Germain Ifedi;James Daniels;Sam Mustipher,00-0033072;00-0035591;00-0035663;00-0032889;00-0035617;00-0034266;00-0031388;00-0034810;00-0034203;00-0033055;00-0036431,Leonard Floyd;Justin Hollins;Taylor Rapp;A'Shawn Robinson;Troy Reeder;Kenny Young;Aaron Donald;Sebastian Joseph-Day;Darious Williams;Jalen Ramsey;Jordan Fuller
2021_01_CHI_LA,200,timeout,0.0,,,0.0,12:00,12:00,CHI,0.0,0.0,,0.0,,,0,,,,,,,,,
2021_01_CHI_LA,217,turnover,0.0,8.0,8.0,6.0,12:00,11:54,,0.0,0.0,3.0,6.0,"3 DL, 3 LB, 5 DB",;;;;;;;;;;,11,5,4,ZONE_COVERAGE,COVER_3,False,00-0036290;00-0036309;00-0031428;00-0022531;00-0027696;00-0035685;00-0032768;00-0027973;00-0032384;00-0034347;00-0035062,Cole Kmet;Darnell Mooney;Allen Robinson;Jason Peters;Jimmy Graham;David Montgomery;Cody Whitehair;Andy Dalton;Germain Ifedi;James Daniels;Sam Mustipher,00-0033072;00-0035591;00-0035663;00-0032889;00-0034266;00-0035665;00-0031388;00-0034810;00-0034203;00-0033055;00-0036431,Leonard Floyd;Justin Hollins;Taylor Rapp;A'Shawn Robinson;Kenny Young;David Long;Aaron Donald;Sebastian Joseph-Day;Darious Williams;Jalen Ramsey;Jordan Fuller
2021_01_CHI_LA,244,run,6.0,80.0,74.0,27.0,11:54,11:27,,0.0,0.0,1.0,10.0,"2 DL, 4 LB, 5 DB",;;;;;;;;;;,11,6,,,,,00-0032242;00-0034804;00-0033110;00-0035664;00-0035668;00-0033908;00-0036415;00-0026498;00-0030431;00-0024270;00-0034261,Rob Havenstein;Brian Allen;Tyler Higbee;Darrell Henderson;David Edwards;Cooper Kupp;Van Jefferson;Matthew Stafford;Robert Woods;Andrew Whitworth;Austin Corbett,00-0032786;00-0034387;00-0030527;00-0036292;00-0031040;00-0028924;00-0036307;00-0029657;00-0033784;00-0034874;00-0027952,Marqui Christian;Bilal Nichols;Alec Ogletree;Jaylon Johnson;Khalil Mack;Tashaun Gipson;Kindle Vildor;Akiem Hicks;Eddie Jackson;Roquan Smith;Robert Quinn
2021_01_CHI_LA,265,pass,7.0,74.0,67.0,39.0,11:27,10:48,,0.0,0.0,2.0,4.0,"2 DL, 4 LB, 5 DB",;;;;;;;;;;,11,5,5,MAN_COVERAGE,COVER_0,False,00-0032242;00-0034804;00-0033110;00-0035664;00-0035668;00-0033908;00-0036415;00-0026498;00-0030431;00-0024270;00-0034261,Rob Havenstein;Brian Allen;Tyler Higbee;Darrell Henderson;David Edwards;Cooper Kupp;Van Jefferson;Matthew Stafford;Robert Woods;Andrew Whitworth;Austin Corbett,00-0032786;00-0034387;00-0030527;00-0036292;00-0031040;00-0028924;00-0036307;00-0029657;00-0033784;00-0034874;00-0027952,Marqui Christian;Bilal Nichols;Alec Ogletree;Jaylon Johnson;Khalil Mack;Tashaun Gipson;Kindle Vildor;Akiem Hicks;Eddie Jackson;Roquan Smith;Robert Quinn
2021_01_CHI_LA,289,pass,67.0,67.0,0.0,12.0,10:48,10:36,,6.0,0.0,1.0,10.0,"2 DL, 4 LB, 5 DB",;;;;;;;;;;,11,7,3,ZONE_COVERAGE,COVER_4,False,00-0032242;00-0034804;00-0033110;00-0035664;00-0035668;00-0033908;00-0036415;00-0026498;00-0030431;00-0024270;00-0034261,Rob Havenstein;Brian Allen;Tyler Higbee;Darrell Henderson;David Edwards;Cooper Kupp;Van Jefferson;Matthew Stafford;Robert Woods;Andrew Whitworth;Austin Corbett,00-0032786;00-0034387;00-0030527;00-0036292;00-0031040;00-0028924;00-0036307;00-0029657;00-0033784;00-0034874;00-0027952,Marqui Christian;Bilal Nichols;Alec Ogletree;Jaylon Johnson;Khalil Mack;Tashaun Gipson;Kindle Vildor;Akiem Hicks;Eddie Jackson;Roquan Smith;Robert Quinn
2021_01_CHI_LA,318,extra_point,0.0,15.0,15.0,0.0,10:36,10:36,,7.0,0.0,,0.0,,;;;;;;;;;;,11,,,,,,00-0032242;00-0035118;00-0034804;00-0033246;00-0033110;00-0034114;00-0034803;00-0035668;00-0034261;00-0035269;00-0028872,Rob Havenstein;Matthew Orzech;Brian Allen;Johnny Mundt;Tyler Higbee;Coleman Shelton;Joe Noteboom;David Edwards;Austin Corbett;Matt Gay;Johnny Hekker,00-0034387;00-0035293;00-0032107;00-0036909;00-0032790;00-0036305;00-0032774;00-0031130;00-0036307;00-0034874;00-0031258,Bilal Nichols;Xavier Crawford;Angelo Blackson;Khyiris Tonga;DeAndre Houston-Carson;Trevis Gipson;Deon Bush;Christian Jones;Kindle Vildor;Roquan Smith;Jeremiah Attaochu
2021_01_CHI_LA,334,kickoff,0.0,35.0,35.0,6.0,10:36,10:30,,7.0,0.0,,0.0,,;;;;;;;;;;,11,,,,,,00-0036421;00-0036918;00-0035663;00-0034813;00-0035617;00-0035783;00-0035269;00-0035669;00-0034812;00-0036994;00-0036860,Terrell Burgess;Jacob Harris;Taylor Rapp;Justin Lawler;Troy Reeder;Tyler Hall;Matt Gay;Nick Scott;Travin Howard;Ernest Jones;Jake Funk,00-0036290;00-0032135;00-0032986;00-0035293;00-0036906;00-0032790;00-0036704;00-0032774;00-0034801;00-0031130;00-0031258,Cole Kmet;Jesse James;J.P. Holtz;Xavier Crawford;Khalil Herbert;DeAndre Houston-Carson;Caleb Johnson;Deon Bush;Josh Woods;Christian Jones;Jeremiah Attaochu
2021_01_CHI_LA,356,run,14.0,76.0,62.0,39.0,10:30,9:51,,7.0,0.0,1.0,10.0,"4 DL, 2 LB, 5 DB",;;;;;;;;;;,11,5,,,,,00-0036309;00-0032986;00-0031428;00-0022531;00-0035685;00-0032768;00-0027973;00-0032384;00-0030068;00-0034347;00-0035062,Darnell Mooney;J.P. Holtz;Allen Robinson;Jason Peters;David Montgomery;Cody Whitehair;Andy Dalton;Germain Ifedi;Marquise Goodwin;James Daniels;Sam Mustipher,00-0033072;00-0035933;00-0035663;00-0035667;00-0034266;00-0035665;00-0031388;00-0034810;00-0034203;00-0033055;00-0036431,Leonard Floyd;Michael Hoecht;Taylor Rapp;Greg Gaines;Kenny Young;David Long;Aaron Donald;Sebastian Joseph-Day;Darious Williams;Jalen Ramsey;Jordan Fuller
2021_01_CHI_LA,377,pass,5.0,62.0,57.0,27.0,9:51,9:24,,7.0,0.0,1.0,10.0,"4 DL, 2 LB, 5 DB",;;;;;;;;;;,11,5,4,ZONE_COVERAGE,COVER_3,False,00-0036290;00-0036309;00-0032135;00-0031428;00-0022531;00-0035685;00-0032768;00-0027973;00-0032384;00-0034347;00-0035062,Cole Kmet;Darnell Mooney;Jesse James;Allen Robinson;Jason Peters;David Montgomery;Cody Whitehair;Andy Dalton;Germain Ifedi;James Daniels;Sam Mustipher,00-0033072;00-0035933;00-0035663;00-0035667;00-0034266;00-0035665;00-0031388;00-0034810;00-0034203;00-0033055;00-0036431,Leonard Floyd;Michael Hoecht;Taylor Rapp;Greg Gaines;Kenny Young;David Long;Aaron Donald;Sebastian Joseph-Day;Darious Williams;Jalen Ramsey;Jordan Fuller
2021_01_CHI_LA,401,pass,10.0,57.0,47.0,35.0,9:24,8:49,,7.0,0.0,2.0,5.0,"4 DL, 2 LB, 5 DB",;;;;;;;;;;,11,4,5,MAN_COVERAGE,COVER_1,False,00-0036290;00-0036309;00-0032135;00-0031428;00-0022531;00-0035685;00-0032768;00-0027973;00-0032384;00-0034347;00-0035062,Cole Kmet;Darnell Mooney;Jesse James;Allen Robinson;Jason Peters;David Montgomery;Cody Whitehair;Andy Dalton;Germain Ifedi;James Daniels;Sam Mustipher,00-0033072;00-0035933;00-0035663;00-0035667;00-0034266;00-0035665;00-0031388;00-0034810;00-0034203;00-0033055;00-0036431,Leonard Floyd;Michael Hoecht;Taylor Rapp;Greg Gaines;Kenny Young;David Long;Aaron Donald;Sebastian Joseph-Day;Darious Williams;Jalen Ramsey;Jordan Fuller
2021_01_CHI_LA,425,pass,0.0,47.0,47.0,4.0,8:49,8:45,,7.0,0.0,1.0,10.0,"3 DL, 3 LB, 5 DB",;;;;;;;;;;,11,6,4,ZONE_COVERAGE,COVER_4,False,00-0036290;00-0036309;00-0032135;00-0031428;00-0022531;00-0035685;00-0032768;00-0027973;00-0032384;00-0034347;00-0035062,Cole Kmet;Darnell Mooney;Jesse James;Allen Robinson;Jason Peters;David Montgomery;Cody Whitehair;Andy Dalton;Germain Ifedi;James Daniels;Sam Mustipher,00-0033072;00-0035591;00-0035663;00-0035667;00-0034266;00-0035665;00-0031388;00-0034810;00-0034203;00-0033055;00-0036431,Leonard Floyd;Justin Hollins;Taylor Rapp;Greg Gaines;Kenny Young;David Long;Aaron Donald;Sebastian Joseph-Day;Darious Williams;Jalen Ramsey;Jordan Fuller
2021_01_CHI_LA,447,run,2.0,47.0,45.0,40.0,8:45,8:05,,7.0,0.0,2.0,10.0,"3 DL, 3 LB, 5 DB",;;;;;;;;;;,11,6,,,,,00-0036309;00-0031428;00-0022531;00-0030874;00-0035685;00-0032768;00-0027973;00-0032384;00-0030068;00-0034347;00-0035062,Darnell Mooney;Allen Robinson;Jason Peters;Damien Williams;David Montgomery;Cody Whitehair;Andy Dalton;Germain Ifedi;Marquise Goodwin;James Daniels;Sam Mustipher,00-0033072;00-0035591;00-0035663;00-0032889;00-0034266;00-0035665;00-0031388;00-0034203;00-0034810;00-0033055;00-0036431,Leonard Floyd;Justin Hollins;Taylor Rapp;A'Shawn Robinson;Kenny Young;David Long;Aaron Donald;Darious Williams;Sebastian Joseph-Day;Jalen Ramsey;Jordan Fuller
2021_01_CHI_LA,468,pass,4.0,45.0,41.0,44.0,8:05,7:21,,7.0,0.0,3.0,8.0,"2 DL, 3 LB, 6 DB",;;;;;;;;;;,11,5,5,ZONE_COVERAGE,COVER_3,False,00-0036290;00-0036309;00-0031428;00-0022531;00-0030874;00-0032768;00-0027973;00-0032384;00-0030068;00-0034347;00-0035062,Cole Kmet;Darnell Mooney;Allen Robinson;Jason Peters;Damien Williams;Cody Whitehair;Andy Dalton;Germain Ifedi;Marquise Goodwin;James Daniels;Sam Mustipher,00-0033072;00-0035591;00-0035663;00-0034266;00-0035665;00-0031388;00-0034810;00-0034203;00-0035669;00-0033055;00-0036431,Leonard Floyd;Justin Hollins;Taylor Rapp;Kenny Young;David Long;Aaron Donald;Sebastian Joseph-Day;Darious Williams;Nick Scott;Jalen Ramsey;Jordan Fuller
2021_01_CHI_LA,492,pass,0.0,41.0,41.0,4.0,7:21,7:17,,7.0,0.0,4.0,4.0,"2 DL, 4 LB, 5 DB",;;;;;;;;;;,11,6,5,ZONE_COVERAGE,COVER_3,True,00-0036290;00-0036309;00-0031428;00-0022531;00-0030874;00-0032768;00-0027973;00-0032384;00-0030068;00-0034347;00-0035062,Cole Kmet;Darnell Mooney;Allen Robinson;Jason Peters;Damien Williams;Cody Whitehair;Andy Dalton;Germain Ifedi;Marquise Goodwin;James Daniels;Sam Mustipher,00-0033072;00-0035591;00-0035663;00-0035617;00-0034266;00-0035665;00-0031388;00-0034810;00-0034203;00-0033055;00-0036431,Leonard Floyd;Justin Hollins;Taylor Rapp;Troy Reeder;Kenny Young;David Long;Aaron Donald;Sebastian Joseph-Day;Darious Williams;Jalen Ramsey;Jordan Fuller
2021_01_CHI_LA,514,pass,1.0,59.0,58.0,25.0,7:17,6:52,,7.0,0.0,1.0,10.0,"2 DL, 4 LB, 5 DB",;;;;;;;;;;,11,7,4,ZONE_COVERAGE,COVER_3,True,00-0032242;00-0034804;00-0033110;00-0026189;00-0035664;00-0035668;00-0033908;00-0036415;00-0026498;00-0024270;00-0034261,Rob Havenstein;Brian Allen;Tyler Higbee;DeSean Jackson;Darrell Henderson;David Edwards;Cooper Kupp;Van Jefferson;Matthew Stafford;Andrew Whitworth;Austin Corbett,00-0032786;00-0034387;00-0030527;00-0036292;00-0031040;00-0028924;00-0036307;00-0029657;00-0033784;00-0034874;00-0027952,Marqui Christian;Bilal Nichols;Alec Ogletree;Jaylon Johnson;Khalil Mack;Tashaun Gipson;Kindle Vildor;Akiem Hicks;Eddie Jackson;Roquan Smith;Robert Quinn
2021_01_CHI_LA,538,pass,18.0,58.0,40.0,43.0,6:52,6:09,,7.0,0.0,2.0,9.0,"2 DL, 4 LB, 5 DB",;;;;;;;;;;,11,6,4,MAN_COVERAGE,COVER_1,False,00-0032242;00-0034804;00-0033110;00-0026189;00-0035664;00-0035668;00-0033908;00-0036415;00-0026498;00-0024270;00-0034261,Rob Havenstein;Brian Allen;Tyler Higbee;DeSean Jackson;Darrell Henderson;David Edwards;Cooper Kupp;Van Jefferson;Matthew Stafford;Andrew Whitworth;Austin Corbett,00-0032786;00-0034387;00-0030527;00-0036292;00-0031040;00-0028924;00-0029657;00-0036307;00-0033784;00-0034874;00-0027952,Marqui Christian;Bilal Nichols;Alec Ogletree;Jaylon Johnson;Khalil Mack;Tashaun Gipson;Akiem Hicks;Kindle Vildor;Eddie Jackson;Roquan Smith;Robert Quinn
2021_01_CHI_LA,562,run,1.0,40.0,39.0,39.0,6:09,5:30,,7.0,0.0,1.0,10.0,"2 DL, 4 LB, 5 DB",;;;;;;;;;;,11,8,,,,,00-0032242;00-0034804;00-0033246;00-0033110;00-0035664;00-0035668;00-0033908;00-0026498;00-0030431;00-0024270;00-0034261,Rob Havenstein;Brian Allen;Johnny Mundt;Tyler Higbee;Darrell Henderson;David Edwards;Cooper Kupp;Matthew Stafford;Robert Woods;Andrew Whitworth;Austin Corbett,00-0032786;00-0034387;00-0030527;00-0036292;00-0031040;00-0028924;00-0029657;00-0036307;00-0033784;00-0034874;00-0027952,Marqui Christian;Bilal Nichols;Alec Ogletree;Jaylon Johnson;Khalil Mack;Tashaun Gipson;Akiem Hicks;Kindle Vildor;Eddie Jackson;Roquan Smith;Robert Quinn
2021_01_CHI_LA,583,pass,4.0,39.0,35.0,41.0,5:30,4:49,,7.0,0.0,2.0,9.0,"2 DL, 4 LB, 5 DB",;;;;;;;;;;,11,5,4,ZONE_COVERAGE,COVER_6,True,00-0032242;00-0034804;00-0033110;00-0035664;00-0035668;00-0033908;00-0036415;00-0026498;00-0030431;00-0024270;00-0034261,Rob Havenstein;Brian Allen;Tyler Higbee;Darrell Henderson;David Edwards;Cooper Kupp;Van Jefferson;Matthew Stafford;Robert Woods;Andrew Whitworth;Austin Corbett,00-0032786;00-0034387;00-0030527;00-0036292;00-0031040;00-0028924;00-0036307;00-0029657;00-0033784;00-0034874;00-0027952,Marqui Christian;Bilal Nichols;Alec Ogletree;Jaylon Johnson;Khalil Mack;Tashaun Gipson;Kindle Vildor;Akiem Hicks;Eddie Jackson;Roquan Smith;Robert Quinn
2021_01_CHI_LA,607,pass,0.0,35.0,35.0,5.0,4:49,4:44,,7.0,0.0,3.0,5.0,"2 DL, 4 LB, 5 DB",;;;;;;;;;;,11,5,3,MAN_COVERAGE,COVER_1,False,00-0032242;00-0034804;00-0033110;00-0035664;00-0035668;00-0033908;00-0036415;00-0026498;00-0030431;00-0024270;00-0034261,Rob Havenstein;Brian Allen;Tyler Higbee;Darrell Henderson;David Edwards;Cooper Kupp;Van Jefferson;Matthew Stafford;Robert Woods;Andrew Whitworth;Austin Corbett,00-0032786;00-0034387;00-0030527;00-0036292;00-0031040;00-0028924;00-0029657;00-0036307;00-0033784;00-0034874;00-0027952,Marqui Christian;Bilal Nichols;Alec Ogletree;Jaylon Johnson;Khalil Mack;Tashaun Gipson;Akiem Hicks;Kindle Vildor;Eddie Jackson;Roquan Smith;Robert Quinn
2021_01_CHI_LA,629,field_goal,0.0,35.0,35.0,5.0,4:44,4:39,,10.0,0.0,4.0,5.0,,;;;;;;;;;;,11,,,,,,00-0032242;00-0035118;00-0034804;00-0033246;00-0033110;00-0034114;00-0034803;00-0035668;00-0034261;00-0035269;00-0028872,Rob Havenstein;Matthew Orzech;Brian Allen;Johnny Mundt;Tyler Higbee;Coleman Shelton;Joe Noteboom;David Edwards;Austin Corbett;Matt Gay;Johnny Hekker,00-0034387;00-0035293;00-0032107;00-0036909;00-0032790;00-0036305;00-0032774;00-0036307;00-0031130;00-0034874;00-0031258,Bilal Nichols;Xavier Crawford;Angelo Blackson;Khyiris Tonga;DeAndre Houston-Carson;Trevis Gipson;Deon Bush;Kindle Vildor;Christian Jones;Roquan Smith;Jeremiah Attaochu
2021_01_CHI_LA,648,kickoff,0.0,35.0,35.0,0.0,4:39,4:39,,10.0,0.0,,0.0,,;;;;;;;;;;,11,,,,,,00-0036421;00-0036918;00-0035663;00-0034813;00-0035617;00-0035783;00-0035269;00-0035669;00-0034812;00-0036994;00-0036860,Terrell Burgess;Jacob Harris;Taylor Rapp;Justin Lawler;Troy Reeder;Tyler Hall;Matt Gay;Nick Scott;Travin Howard;Ernest Jones;Jake Funk,00-0036290;00-0032135;00-0032986;00-0035293;00-0036906;00-0032790;00-0032774;00-0036704;00-0034801;00-0031130;00-0031258,Cole Kmet;Jesse James;J.P. Holtz;Xavier Crawford;Khalil Herbert;DeAndre Houston-Carson;Deon Bush;Caleb Johnson;Josh Woods;Christian Jones;Jeremiah Attaochu
2021_01_CHI_LA,663,run,-3.0,75.0,78.0,41.0,4:39,3:58,,10.0,0.0,1.0,10.0,"3 DL, 4 LB, 4 DB",;;;;;;;;;;,11,7,,,,,00-0036290;00-0036309;00-0032135;00-0031428;00-0022531;00-0030874;00-0032768;00-0027973;00-0032384;00-0034347;00-0035062,Cole Kmet;Darnell Mooney;Jesse James;Allen Robinson;Jason Peters;Damien Williams;Cody Whitehair;Andy Dalton;Germain Ifedi;James Daniels;Sam Mustipher,00-0035591;00-0035663;00-0032889;00-0035617;00-0036419;00-0035667;00-0035944;00-0034266;00-0034203;00-0033055;00-0036431,Justin Hollins;Taylor Rapp;A'Shawn Robinson;Troy Reeder;Terrell Lewis;Greg Gaines;Jonah Williams;Kenny Young;Darious Williams;Jalen Ramsey;Jordan Fuller
2021_01_CHI_LA,684,pass,19.0,78.0,59.0,24.0,3:58,3:34,,10.0,0.0,2.0,13.0,"3 DL, 3 LB, 5 DB",;;;;;;;;;;,11,6,5,MAN_COVERAGE,COVER_1,False,00-0036290;00-0036309;00-0031428;00-0022531;00-0030874;00-0032768;00-0027973;00-0032384;00-0030068;00-0034347;00-0035062,Cole Kmet;Darnell Mooney;Allen Robinson;Jason Peters;Damien Williams;Cody Whitehair;Andy Dalton;Germain Ifedi;Marquise Goodwin;James Daniels;Sam Mustipher,00-0035591;00-0035663;00-0032889;00-0036419;00-0035667;00-0035944;00-0034266;00-0035665;00-0034203;00-0033055;00-0036431,Justin Hollins;Taylor Rapp;A'Shawn Robinson;Terrell Lewis;Greg Gaines;Jonah Williams;Kenny Young;David Long;Darious Williams;Jalen Ramsey;Jordan Fuller
2021_01_CHI_LA,719,run,-2.0,44.0,46.0,44.0,3:34,2:50,,10.0,0.0,1.0,10.0,"3 DL, 3 LB, 5 DB",;;;;;;;;;;,11,6,,,,,00-0036945;00-0036290;00-0036309;00-0032986;00-0022531;00-0035685;00-0032768;00-0032384;00-0030068;00-0034347;00-0035062,Justin Fields;Cole Kmet;Darnell Mooney;J.P. Holtz;Jason Peters;David Montgomery;Cody Whitehair;Germain Ifedi;Marquise Goodwin;James Daniels;Sam Mustipher,00-0035591;00-0035663;00-0032889;00-0036419;00-0035667;00-0035944;00-0034266;00-0035665;00-0034203;00-0033055;00-0036431,Justin Hollins;Taylor Rapp;A'Shawn Robinson;Terrell Lewis;Greg Gaines;Jonah Williams;Kenny Young;David Long;Darious Williams;Jalen Ramsey;Jordan Fuller
2021_01_CHI_LA,751,pass,-2.0,46.0,48.0,42.0,2:50,2:08,,10.0,0.0,2.0,12.0,"3 DL, 3 LB, 5 DB",;;;;;;;;;;,11,5,1,ZONE_COVERAGE,COVER_3,False,00-0036290;00-0036309;00-0031428;00-0022531;00-0035685;00-0032768;00-0031868;00-0027973;00-0032384;00-0034347;00-0035062,Cole Kmet;Darnell Mooney;Allen Robinson;Jason Peters;David Montgomery;Cody Whitehair;Damiere Byrd;Andy Dalton;Germain Ifedi;James Daniels;Sam Mustipher,00-0033072;00-0035933;00-0035591;00-0035663;00-0034266;00-0035665;00-0031388;00-0034810;00-0034203;00-0033055;00-0036431,Leonard Floyd;Michael Hoecht;Justin Hollins;Taylor Rapp;Kenny Young;David Long;Aaron Donald;Sebastian Joseph-Day;Darious Williams;Jalen Ramsey;Jordan Fuller
2021_01_CHI_LA,775,pass,10.0,48.0,38.0,47.0,2:08,1:21,,10.0,0.0,3.0,14.0,"2 DL, 3 LB, 6 DB",;;;;;;;;;;,11,5,4,ZONE_COVERAGE,COVER_4,False,00-0036290;00-0036309;00-0031428;00-0022531;00-0035685;00-0032768;00-0031868;00-0027973;00-0032384;00-0034347;00-0035062,Cole Kmet;Darnell Mooney;Allen Robinson;Jason Peters;David Montgomery;Cody Whitehair;Damiere Byrd;Andy Dalton;Germain Ifedi;James Daniels;Sam Mustipher,00-0033072;00-0035591;00-0035663;00-0034266;00-0035665;00-0031388;00-0034810;00-0034203;00-0035669;00-0033055;00-0036431,Leonard Floyd;Justin Hollins;Taylor Rapp;Kenny Young;David Long;Aaron Donald;Sebastian Joseph-Day;Darious Williams;Nick Scott;Jalen Ramsey;Jordan Fuller
2021_01_CHI_LA,804,turnover,-4.0,38.0,42.0,7.0,1:21,1:14,,10.0,0.0,4.0,4.0,"3 DL, 3 LB, 5 DB",;;;;;;;;;;,11,6,5,,,,00-0036309;00-0031428;00-0022531;00-0035685;00-0032768;00-0031868;00-0027973;00-0032384;00-0030068;00-0034347;00-0035062,Darnell Mooney;Allen Robinson;Jason Peters;David Montgomery;Cody Whitehair;Damiere Byrd;Andy Dalton;Germain Ifedi;Marquise Goodwin;James Daniels;Sam Mustipher,00-0033072;00-0035591;00-0035663;00-0035944;00-0034266;00-0035665;00-0031388;00-0034810;00-0034203;00-0033055;00-0036431,Leonard Floyd;Justin Hollins;Taylor Rapp;Jonah Williams;Kenny Young;David Long;Aaron Donald;Sebastian Joseph-Day;Darious Williams;Jalen Ramsey;Jordan Fuller
2021_01_CHI_LA,833,pass,17.0,58.0,41.0,45.0,1:14,0:29,,10.0,0.0,1.0,10.0,"2 DL, 4 LB, 5 DB",;;;;;;;;;;,11,7,4,ZONE_COVERAGE,COVER_6,False,00-0032242;00-0034804;00-0033110;00-0026189;00-0035664;00-0035668;00-0033908;00-0026498;00-0030431;00-0024270;00-0034261,Rob Havenstein;Brian Allen;Tyler Higbee;DeSean Jackson;Darrell Henderson;David Edwards;Cooper Kupp;Matthew Stafford;Robert Woods;Andrew Whitworth;Austin Corbett,00-0032786;00-0034387;00-0030527;00-0036292;00-0032107;00-0031040;00-0028924;00-0036307;00-0033784;00-0034874;00-0027952,Marqui Christian;Bilal Nichols;Alec Ogletree;Jaylon Johnson;Angelo Blackson;Khalil Mack;Tashaun Gipson;Kindle Vildor;Eddie Jackson;Roquan Smith;Robert Quinn
2021_01_CHI_LA,863,run,2.0,41.0,39.0,29.0,0:29,0:00,,10.0,0.0,1.0,10.0,"2 DL, 4 LB, 5 DB",;;;;;;;;;;,11,7,,,,,00-0032242;00-0034804;00-0033110;00-0026189;00-0035664;00-0035668;00-0033908;00-0026498;00-0030431;00-0024270;00-0034261,Rob Havenstein;Brian Allen;Tyler Higbee;DeSean Jackson;Darrell Henderson;David Edwards;Cooper Kupp;Matthew Stafford;Robert Woods;Andrew Whitworth;Austin Corbett,00-0032786;00-0034387;00-0030527;00-0036292;00-0032107;00-0031040;00-0028924;00-0036307;00-0033784;00-0034874;00-0031258,Marqui Christian;Bilal Nichols;Alec Ogletree;Jaylon Johnson;Angelo Blackson;Khalil Mack;Tashaun Gipson;Kindle Vildor;Eddie Jackson;Roquan Smith;Jeremiah Attaochu
2021_01_CHI_LA,884,start_quarter_2,,,,0.0,0:00,0:00,,10.0,0.0,,0.0,,,0,,,,,,,,,
2021_01_CHI_LA,903,run,7.0,39.0,32.0,20.0,15:00,14:40,,10.0,0.0,2.0,8.0,"2 DL, 4 LB, 5 DB",;;;;;;;;;;,11,6,,,,,00-0032242;00-0034804;00-0033110;00-0026189;00-0035664;00-0035668;00-0033908;00-0026498;00-0030431;00-0024270;00-0034261,Rob Havenstein;Brian Allen;Tyler Higbee;DeSean Jackson;Darrell Henderson;David Edwards;Cooper Kupp;Matthew Stafford;Robert Woods;Andrew Whitworth;Austin Corbett,00-0032786;00-0034387;00-0030527;00-0036292;00-0032107;00-0031040;00-0028924;00-0036307;00-0033784;00-0034874;00-0027952,Marqui Christian;Bilal Nichols;Alec Ogletree;Jaylon Johnson;Angelo Blackson;Khalil Mack;Tashaun Gipson;Kindle Vildor;Eddie Jackson;Roquan Smith;Robert Quinn
2021_01_CHI_LA,924,run,0.0,32.0,32.0,44.0,14:40,13:56,,10.0,0.0,3.0,1.0,"2 DL, 4 LB, 5 DB",;;;;;;;;;;,11,8,,,,,00-0032242;00-0034804;00-0033110;00-0026189;00-0035664;00-0035668;00-0033908;00-0026498;00-0030431;00-0024270;00-0034261,Rob Havenstein;Brian Allen;Tyler Higbee;DeSean Jackson;Darrell Henderson;David Edwards;Cooper Kupp;Matthew Stafford;Robert Woods;Andrew Whitworth;Austin Corbett,00-0032786;00-0034387;00-0030527;00-0036292;00-0032107;00-0031040;00-0028924;00-0036307;00-0033784;00-0034874;00-0027952,Marqui Christian;Bilal Nichols;Alec Ogletree;Jaylon Johnson;Angelo Blackson;Khalil Mack;Tashaun Gipson;Kindle Vildor;Eddie Jackson;Roquan Smith;Robert Quinn
2021_01_CHI_LA,939,timeout,0.0,,,0.0,13:56,13:56,LA,10.0,0.0,,0.0,,,0,,,,,,,,,
2021_01_CHI_LA,962,pass,13.0,32.0,19.0,40.0,13:56,13:16,,10.0,0.0,4.0,1.0,"3 DL, 4 LB, 4 DB",;;;;;;;;;;,11,8,4,MAN_COVERAGE,COVER_1,False,00-0032242;00-0034804;00-0033246;00-0033110;00-0035664;00-0035668;00-0033908;00-0036415;00-0026498;00-0024270;00-0034261,Rob Havenstein;Brian Allen;Johnny Mundt;Tyler Higbee;Darrell Henderson;David Edwards;Cooper Kupp;Van Jefferson;Matthew Stafford;Andrew Whitworth;Austin Corbett,00-0030527;00-0036292;00-0032107;00-0031040;00-0036909;00-0028924;00-0036307;00-0029657;00-0033784;00-0034874;00-0031258,Alec Ogletree;Jaylon Johnson;Angelo Blackson;Khalil Mack;Khyiris Tonga;Tashaun Gipson;Kindle Vildor;Akiem Hicks;Eddie Jackson;Roquan Smith;Jeremiah Attaochu
2021_01_CHI_LA,991,pass,17.0,19.0,2.0,42.0,13:16,12:34,,10.0,0.0,1.0,10.0,"3 DL, 4 LB, 4 DB",;;;;;;;;;;,11,6,4,ZONE_COVERAGE,COVER_4,True,00-0032242;00-0034804;00-0033246;00-0033110;00-0035664;00-0035668;00-0033908;00-0026498;00-0030431;00-0024270;00-0034261,Rob Havenstein;Brian Allen;Johnny Mundt;Tyler Higbee;Darrell Henderson;David Edwards;Cooper Kupp;Matthew Stafford;Robert Woods;Andrew Whitworth;Austin Corbett,00-0030527;00-0036292;00-0032107;00-0031040;00-0036909;00-0028924;00-0029657;00-0036307;00-0033784;00-0034874;00-0031258,Alec Ogletree;Jaylon Johnson;Angelo Blackson;Khalil Mack;Khyiris Tonga;Tashaun Gipson;Akiem Hicks;Kindle Vildor;Eddie Jackson;Roquan Smith;Jeremiah Attaochu
2021_01_CHI_LA,1021,run,-2.0,2.0,4.0,43.0,12:34,11:51,,10.0,0.0,1.0,2.0,"3 DL, 4 LB, 4 DB",;;;;;;;;;;,11,9,,,,,00-0032242;00-0034804;00-0033246;00-0033110;00-0035664;00-0035668;00-0033908;00-0026498;00-0030431;00-0024270;00-0034261,Rob Havenstein;Brian Allen;Johnny Mundt;Tyler Higbee;Darrell Henderson;David Edwards;Cooper Kupp;Matthew Stafford;Robert Woods;Andrew Whitworth;Austin Corbett,00-0030527;00-0036292;00-0032107;00-0031040;00-0036909;00-0028924;00-0036307;00-0029657;00-0033784;00-0034874;00-0031258,Alec Ogletree;Jaylon Johnson;Angelo Blackson;Khalil Mack;Khyiris Tonga;Tashaun Gipson;Kindle Vildor;Akiem Hicks;Eddie Jackson;Roquan Smith;Jeremiah Attaochu
2021_01_CHI_LA,1042,pass,0.0,4.0,4.0,5.0,11:51,11:46,,10.0,0.0,2.0,4.0,"2 DL, 4 LB, 5 DB",;;;;;;;;;;,11,7,4,MAN_COVERAGE,COVER_1,False,00-0032242;00-0034804;00-0033110;00-0026189;00-0035664;00-0035668;00-0033908;00-0026498;00-0030431;00-0024270;00-0034261,Rob Havenstein;Brian Allen;Tyler Higbee;DeSean Jackson;Darrell Henderson;David Edwards;Cooper Kupp;Matthew Stafford;Robert Woods;Andrew Whitworth;Austin Corbett,00-0032786;00-0030527;00-0036292;00-0032107;00-0031040;00-0028924;00-0036307;00-0029657;00-0033784;00-0034874;00-0031258,Marqui Christian;Alec Ogletree;Jaylon Johnson;Angelo Blackson;Khalil Mack;Tashaun Gipson;Kindle Vildor;Akiem Hicks;Eddie Jackson;Roquan Smith;Jeremiah Attaochu
2021_01_CHI_LA,1064,pass,0.0,4.0,4.0,4.0,11:46,11:42,,10.0,0.0,3.0,4.0,"2 DL, 4 LB, 5 DB",;;;;;;;;;;,11,8,4,MAN_COVERAGE,COVER_0,False,00-0032242;00-0034804;00-0033110;00-0035664;00-0035668;00-0033908;00-0036415;00-0026498;00-0030431;00-0024270;00-0034261,Rob Havenstein;Brian Allen;Tyler Higbee;Darrell Henderson;David Edwards;Cooper Kupp;Van Jefferson;Matthew Stafford;Robert Woods;Andrew Whitworth;Austin Corbett,00-0032786;00-0030527;00-0036292;00-0032107;00-0031040;00-0028924;00-0036307;00-0029657;00-0033784;00-0034874;00-0027952,Marqui Christian;Alec Ogletree;Jaylon Johnson;Angelo Blackson;Khalil Mack;Tashaun Gipson;Kindle Vildor;Akiem Hicks;Eddie Jackson;Roquan Smith;Robert Quinn
2021_01_CHI_LA,1086,field_goal,0.0,4.0,4.0,3.0,11:42,11:39,,13.0,0.0,4.0,4.0,,;;;;;;;;;;,11,,,,,,00-0032242;00-0035118;00-0034804;00-0033246;00-0033110;00-0034114;00-0034803;00-0035668;00-0034261;00-0035269;00-0028872,Rob Havenstein;Matthew Orzech;Brian Allen;Johnny Mundt;Tyler Higbee;Coleman Shelton;Joe Noteboom;David Edwards;Austin Corbett;Matt Gay;Johnny Hekker,00-0034387;00-0035293;00-0032107;00-0036909;00-0032790;00-0036305;00-0032774;00-0031130;00-0036307;00-0034874;00-0031258,Bilal Nichols;Xavier Crawford;Angelo Blackson;Khyiris Tonga;DeAndre Houston-Carson;Trevis Gipson;Deon Bush;Christian Jones;Kindle Vildor;Roquan Smith;Jeremiah Attaochu
2021_01_CHI_LA,1105,kickoff,0.0,35.0,35.0,0.0,11:39,11:39,,13.0,0.0,,0.0,,;;;;;;;;;;,11,,,,,,00-0036421;00-0036918;00-0035663;00-0034813;00-0035617;00-0035783;00-0035269;00-0035669;00-0034812;00-0036994;00-0036860,Terrell Burgess;Jacob Harris;Taylor Rapp;Justin Lawler;Troy Reeder;Tyler Hall;Matt Gay;Nick Scott;Travin Howard;Ernest Jones;Jake Funk,00-0036290;00-0032135;00-0032986;00-0035293;00-0036906;00-0032790;00-0036704;00-0032774;00-0034801;00-0031130;00-0031258,Cole Kmet;Jesse James;J.P. Holtz;Xavier Crawford;Khalil Herbert;DeAndre Houston-Carson;Caleb Johnson;Deon Bush;Josh Woods;Christian Jones;Jeremiah Attaochu
2021_01_CHI_LA,1120,run,1.0,75.0,74.0,40.0,11:39,10:59,,13.0,0.0,1.0,10.0,"3 DL, 3 LB, 5 DB",;;;;;;;;;;,11,6,,,,,00-0036290;00-0036309;00-0031428;00-0022531;00-0035685;00-0032768;00-0031868;00-0027973;00-0032384;00-0034347;00-0035062,Cole Kmet;Darnell Mooney;Allen Robinson;Jason Peters;David Montgomery;Cody Whitehair;Damiere Byrd;Andy Dalton;Germain Ifedi;James Daniels;Sam Mustipher,00-0033072;00-0035591;00-0035663;00-0035667;00-0035944;00-0034266;00-0035665;00-0031388;00-0034203;00-0033055;00-0036431,Leonard Floyd;Justin Hollins;Taylor Rapp;Greg Gaines;Jonah Williams;Kenny Young;David Long;Aaron Donald;Darious Williams;Jalen Ramsey;Jordan Fuller
2021_01_CHI_LA,1141,pass,9.0,74.0,65.0,43.0,10:59,10:16,,13.0,0.0,2.0,9.0,"2 DL, 4 LB, 5 DB",;;;;;;;;;;,11,6,4,ZONE_COVERAGE,COVER_6,False,00-0036290;00-0036309;00-0031428;00-0022531;00-0035685;00-0032768;00-0031868;00-0027973;00-0032384;00-0034347;00-0035062,Cole Kmet;Darnell Mooney;Allen Robinson;Jason Peters;David Montgomery;Cody Whitehair;Damiere Byrd;Andy Dalton;Germain Ifedi;James Daniels;Sam Mustipher,00-0033072;00-0035663;00-0036419;00-0035617;00-0035667;00-0034266;00-0035665;00-0031388;00-0034203;00-0033055;00-0036431,Leonard Floyd;Taylor Rapp;Terrell Lewis;Troy Reeder;Greg Gaines;Kenny Young;David Long;Aaron Donald;Darious Williams;Jalen Ramsey;Jordan Fuller
2021_01_CHI_LA,1165,pass,7.0,65.0,58.0,41.0,10:16,9:35,,13.0,0.0,1.0,10.0,"3 DL, 3 LB, 5 DB",;;;;;;;;;;,11,6,2,ZONE_COVERAGE,COVER_3,False,00-0036309;00-0031428;00-0022531;00-0027696;00-0035685;00-0032768;00-0027973;00-0032384;00-0030068;00-0034347;00-0035062,Darnell Mooney;Allen Robinson;Jason Peters;Jimmy Graham;David Montgomery;Cody Whitehair;Andy Dalton;Germain Ifedi;Marquise Goodwin;James Daniels;Sam Mustipher,00-0033072;00-0035591;00-0035663;00-0035667;00-0035944;00-0034266;00-0035665;00-0031388;00-0034203;00-0033055;00-0036431,Leonard Floyd;Justin Hollins;Taylor Rapp;Greg Gaines;Jonah Williams;Kenny Young;David Long;Aaron Donald;Darious Williams;Jalen Ramsey;Jordan Fuller
2021_01_CHI_LA,1199,run,3.0,58.0,55.0,41.0,9:35,8:54,,13.0,0.0,2.0,3.0,"3 DL, 3 LB, 5 DB",;;;;;;;;;;,11,6,,,,,00-0036309;00-0032986;00-0022531;00-0035685;00-0032768;00-0031868;00-0027973;00-0032384;00-0030068;00-0034347;00-0035062,Darnell Mooney;J.P. Holtz;Jason Peters;David Montgomery;Cody Whitehair;Damiere Byrd;Andy Dalton;Germain Ifedi;Marquise Goodwin;James Daniels;Sam Mustipher,00-0033072;00-0035591;00-0035663;00-0035944;00-0034266;00-0035665;00-0031388;00-0034810;00-0034203;00-0033055;00-0036431,Leonard Floyd;Justin Hollins;Taylor Rapp;Jonah Williams;Kenny Young;David Long;Aaron Donald;Sebastian Joseph-Day;Darious Williams;Jalen Ramsey;Jordan Fuller
2021_01_CHI_LA,1220,run,5.0,55.0,50.0,40.0,8:54,8:14,,13.0,0.0,1.0,10.0,"3 DL, 3 LB, 5 DB",;;;;;;;;;;,11,6,,,,,00-0036309;00-0032135;00-0031428;00-0022531;00-0030874;00-0032768;00-0031868;00-0027973;00-0032384;00-0034347;00-0035062,Darnell Mooney;Jesse James;Allen Robinson;Jason Peters;Damien Williams;Cody Whitehair;Damiere Byrd;Andy Dalton;Germain Ifedi;James Daniels;Sam Mustipher,00-0033072;00-0035591;00-0035663;00-0032889;00-0034266;00-0035665;00-0031388;00-0034810;00-0034203;00-0033055;00-0036431,Leonard Floyd;Justin Hollins;Taylor Rapp;A'Shawn Robinson;Kenny Young;David Long;Aaron Donald;Sebastian Joseph-Day;Darious Williams;Jalen Ramsey;Jordan Fuller
2021_01_CHI_LA,1241,pass,3.0,50.0,47.0,45.0,8:14,7:29,,13.0,0.0,2.0,5.0,"3 DL, 3 LB, 5 DB",;;;;;;;;;;,11,5,4,ZONE_COVERAGE,COVER_6,False,00-0036309;00-0031428;00-0022531;00-0027696;00-0030874;00-0032768;00-0031868;00-0027973;00-0032384;00-0034347;00-0035062,Darnell Mooney;Allen Robinson;Jason Peters;Jimmy Graham;Damien Williams;Cody Whitehair;Damiere Byrd;Andy Dalton;Germain Ifedi;James Daniels;Sam Mustipher,00-0035663;00-0032889;00-0034813;00-0036419;00-0034266;00-0035665;00-0031388;00-0034810;00-0034203;00-0033055;00-0036431,Taylor Rapp;A'Shawn Robinson;Justin Lawler;Terrell Lewis;Kenny Young;David Long;Aaron Donald;Sebastian Joseph-Day;Darious Williams;Jalen Ramsey;Jordan Fuller
2021_01_CHI_LA,1265,pass,0.0,47.0,47.0,4.0,7:29,7:25,,13.0,0.0,3.0,2.0,"3 DL, 3 LB, 5 DB",;;;;;;;;;;,11,6,5,ZONE_COVERAGE,COVER_3,False,00-0036290;00-0036309;00-0031428;00-0022531;00-0035685;00-0032768;00-0027973;00-0032384;00-0030068;00-0034347;00-0035062,Cole Kmet;Darnell Mooney;Allen Robinson;Jason Peters;David Montgomery;Cody Whitehair;Andy Dalton;Germain Ifedi;Marquise Goodwin;James Daniels;Sam Mustipher,00-0035663;00-0032889;00-0034813;00-0036419;00-0034266;00-0035665;00-0031388;00-0034810;00-0034203;00-0033055;00-0036431,Taylor Rapp;A'Shawn Robinson;Justin Lawler;Terrell Lewis;Kenny Young;David Long;Aaron Donald;Sebastian Joseph-Day;Darious Williams;Jalen Ramsey;Jordan Fuller
2021_01_CHI_LA,1287,punt,0.0,47.0,47.0,7.0,7:25,7:18,,13.0,0.0,4.0,2.0,,;;;;;;;;;;,11,,,,,,00-0032986;00-0035293;00-0031079;00-0036906;00-0035621;00-0030874;00-0032790;00-0036704;00-0034801;00-0028284;00-0031130,J.P. Holtz;Xavier Crawford;Pat O'Donnell;Khalil Herbert;Nsimba Webster;Damien Williams;DeAndre Houston-Carson;Caleb Johnson;Josh Woods;Patrick Scales;Christian Jones,00-0036421;00-0035933;00-0034813;00-0035617;00-0035667;00-0035944;00-0033908;00-0035669;00-0034812;00-0036994;00-0033055,Terrell Burgess;Michael Hoecht;Justin Lawler;Troy Reeder;Greg Gaines;Jonah Williams;Cooper Kupp;Nick Scott;Travin Howard;Ernest Jones;Jalen Ramsey
2021_01_CHI_LA,1306,pass,1.0,89.0,88.0,42.0,7:18,6:36,,13.0,0.0,1.0,10.0,"2 DL, 4 LB, 5 DB",;;;;;;;;;;,11,6,4,MAN_COVERAGE,COVER_1,False,00-0032242;00-0034804;00-0033110;00-0035664;00-0035668;00-0033908;00-0036415;00-0026498;00-0030431;00-0024270;00-0034261,Rob Havenstein;Brian Allen;Tyler Higbee;Darrell Henderson;David Edwards;Cooper Kupp;Van Jefferson;Matthew Stafford;Robert Woods;Andrew Whitworth;Austin Corbett,00-0032786;00-0034387;00-0036292;00-0031040;00-0028924;00-0031130;00-0036307;00-0029657;00-0033784;00-0034874;00-0027952,Marqui Christian;Bilal Nichols;Jaylon Johnson;Khalil Mack;Tashaun Gipson;Christian Jones;Kindle Vildor;Akiem Hicks;Eddie Jackson;Roquan Smith;Robert Quinn
2021_01_CHI_LA,1330,pass,-9.0,88.0,97.0,47.0,6:36,5:49,,13.0,0.0,2.0,9.0,"2 DL, 4 LB, 5 DB",;;;;;;;;;;,11,6,5,,,,00-0032242;00-0034804;00-0033110;00-0035664;00-0035668;00-0033908;00-0036415;00-0026498;00-0030431;00-0024270;00-0034261,Rob Havenstein;Brian Allen;Tyler Higbee;Darrell Henderson;David Edwards;Cooper Kupp;Van Jefferson;Matthew Stafford;Robert Woods;Andrew Whitworth;Austin Corbett,00-0032786;00-0034387;00-0036292;00-0031040;00-0028924;00-0031130;00-0029657;00-0036307;00-0033784;00-0034874;00-0027952,Marqui Christian;Bilal Nichols;Jaylon Johnson;Khalil Mack;Tashaun Gipson;Christian Jones;Akiem Hicks;Kindle Vildor;Eddie Jackson;Roquan Smith;Robert Quinn
2021_01_CHI_LA,1349,no_play,0.0,97.0,97.0,16.0,5:49,5:33,,13.0,0.0,3.0,18.0,"2 DL, 3 LB, 6 DB",;;;;;;;;;;,11,,,,,,00-0032242;00-0034804;00-0033110;00-0035664;00-0035668;00-0033908;00-0036415;00-0026498;00-0024270;00-0030431;00-0034261,Rob Havenstein;Brian Allen;Tyler Higbee;Darrell Henderson;David Edwards;Cooper Kupp;Van Jefferson;Matthew Stafford;Andrew Whitworth;Robert Woods;Austin Corbett,00-0032786;00-0034387;00-0036292;00-0031040;00-0032790;00-0028924;00-0036307;00-0029657;00-0033784;00-0034874;00-0027952,Marqui Christian;Bilal Nichols;Jaylon Johnson;Khalil Mack;DeAndre Houston-Carson;Tashaun Gipson;Kindle Vildor;Akiem Hicks;Eddie Jackson;Roquan Smith;Robert Quinn
2021_01_CHI_LA,1372,pass,6.0,98.0,92.0,40.0,5:33,4:53,,13.0,0.0,3.0,19.0,"2 DL, 3 LB, 6 DB",;;;;;;;;;;,11,6,4,ZONE_COVERAGE,COVER_4,False,00-0032242;00-0034804;00-0033110;00-0035664;00-0035668;00-0033908;00-0036415;00-0026498;00-0030431;00-0024270;00-0034261,Rob Havenstein;Brian Allen;Tyler Higbee;Darrell Henderson;David Edwards;Cooper Kupp;Van Jefferson;Matthew Stafford;Robert Woods;Andrew Whitworth;Austin Corbett,00-0032786;00-0034387;00-0036292;00-0031040;00-0032790;00-0028924;00-0036307;00-0029657;00-0033784;00-0034874;00-0027952,Marqui Christian;Bilal Nichols;Jaylon Johnson;Khalil Mack;DeAndre Houston-Carson;Tashaun Gipson;Kindle Vildor;Akiem Hicks;Eddie Jackson;Roquan Smith;Robert Quinn
2021_01_CHI_LA,1396,punt,0.0,92.0,92.0,11.0,4:53,4:42,,13.0,0.0,4.0,13.0,,;;;;;;;;;;,11,,,,,,00-0035118;00-0036918;00-0033246;00-0034813;00-0035617;00-0035783;00-0035669;00-0034812;00-0036994;00-0036860;00-0028872,Matthew Orzech;Jacob Harris;Johnny Mundt;Justin Lawler;Troy Reeder;Tyler Hall;Nick Scott;Travin Howard;Ernest Jones;Jake Funk;Johnny Hekker,00-0032786;00-0032986;00-0035293;00-0036906;00-0035621;00-0032790;00-0033103;00-0036704;00-0032774;00-0034801;00-0031130,Marqui Christian;J.P. Holtz;Xavier Crawford;Khalil Herbert;Nsimba Webster;DeAndre Houston-Carson;Artie Burns;Caleb Johnson;Deon Bush;Josh Woods;Christian Jones
2021_01_CHI_LA,1421,pass,10.0,55.0,45.0,30.0,4:42,4:12,,13.0,0.0,1.0,10.0,"3 DL, 4 LB, 4 DB",;;;;;;;;;;,11,7,5,ZONE_COVERAGE,COVER_3,False,00-0036290;00-0036309;00-0032135;00-0022531;00-0035685;00-0032768;00-0027973;00-0032384;00-0030068;00-0034347;00-0035062,Cole Kmet;Darnell Mooney;Jesse James;Jason Peters;David Montgomery;Cody Whitehair;Andy Dalton;Germain Ifedi;Marquise Goodwin;James Daniels;Sam Mustipher,00-0033072;00-0035591;00-0035663;00-0032889;00-0035617;00-0034266;00-0031388;00-0034810;00-0034203;00-0033055;00-0036431,Leonard Floyd;Justin Hollins;Taylor Rapp;A'Shawn Robinson;Troy Reeder;Kenny Young;Aaron Donald;Sebastian Joseph-Day;Darious Williams;Jalen Ramsey;Jordan Fuller
2021_01_CHI_LA,1450,run,10.0,45.0,35.0,42.0,4:12,3:30,,13.0,0.0,1.0,10.0,"3 DL, 3 LB, 5 DB",;;;;;;;;;;,11,6,,,,,00-0036290;00-0036309;00-0031428;00-0022531;00-0035685;00-0032768;00-0031868;00-0027973;00-0032384;00-0034347;00-0035062,Cole Kmet;Darnell Mooney;Allen Robinson;Jason Peters;David Montgomery;Cody Whitehair;Damiere Byrd;Andy Dalton;Germain Ifedi;James Daniels;Sam Mustipher,00-0033072;00-0035591;00-0035663;00-0032889;00-0034266;00-0035665;00-0031388;00-0034810;00-0034203;00-0033055;00-0036431,Leonard Floyd;Justin Hollins;Taylor Rapp;A'Shawn Robinson;Kenny Young;David Long;Aaron Donald;Sebastian Joseph-Day;Darious Williams;Jalen Ramsey;Jordan Fuller
2021_01_CHI_LA,1471,run,3.0,35.0,32.0,38.0,3:30,2:52,,13.0,0.0,1.0,10.0,"3 DL, 4 LB, 4 DB",;;;;;;;;;;,11,6,,,,,00-0036309;00-0032986;00-0022531;00-0035685;00-0032768;00-0031868;00-0027973;00-0032384;00-0030068;00-0034347;00-0035062,Darnell Mooney;J.P. Holtz;Jason Peters;David Montgomery;Cody Whitehair;Damiere Byrd;Andy Dalton;Germain Ifedi;Marquise Goodwin;James Daniels;Sam Mustipher,00-0033072;00-0035591;00-0035663;00-0032889;00-0035617;00-0034266;00-0031388;00-0034203;00-0034810;00-0033055;00-0036431,Leonard Floyd;Justin Hollins;Taylor Rapp;A'Shawn Robinson;Troy Reeder;Kenny Young;Aaron Donald;Darious Williams;Sebastian Joseph-Day;Jalen Ramsey;Jordan Fuller
2021_01_CHI_LA,1492,pass,9.0,32.0,23.0,37.0,2:52,2:15,,13.0,0.0,2.0,7.0,"2 DL, 4 LB, 5 DB",;;;;;;;;;;,11,7,5,ZONE_COVERAGE,COVER_3,False,00-0036290;00-0036309;00-0031428;00-0022531;00-0035685;00-0032768;00-0027973;00-0032384;00-0030068;00-0034347;00-0035062,Cole Kmet;Darnell Mooney;Allen Robinson;Jason Peters;David Montgomery;Cody Whitehair;Andy Dalton;Germain Ifedi;Marquise Goodwin;James Daniels;Sam Mustipher,00-0033072;00-0035591;00-0035663;00-0035617;00-0034266;00-0035665;00-0031388;00-0034810;00-0034203;00-0033055;00-0036431,Leonard Floyd;Justin Hollins;Taylor Rapp;Troy Reeder;Kenny Young;David Long;Aaron Donald;Sebastian Joseph-Day;Darious Williams;Jalen Ramsey;Jordan Fuller
2021_01_CHI_LA,1516,run,3.0,23.0,20.0,15.0,2:15,2:00,,13.0,0.0,1.0,10.0,"3 DL, 3 LB, 5 DB",;;;;;;;;;;,11,6,,,,,00-0036290;00-0036309;00-0031428;00-0022531;00-0035685;00-0032768;00-0031868;00-0027973;00-0032384;00-0034347;00-0035062,Cole Kmet;Darnell Mooney;Allen Robinson;Jason Peters;David Montgomery;Cody Whitehair;Damiere Byrd;Andy Dalton;Germain Ifedi;James Daniels;Sam Mustipher,00-0033072;00-0035591;00-0035663;00-0035944;00-0034266;00-0035665;00-0031388;00-0034810;00-0034203;00-0033055;00-0036431,Leonard Floyd;Justin Hollins;Taylor Rapp;Jonah Williams;Kenny Young;David Long;Aaron Donald;Sebastian Joseph-Day;Darious Williams;Jalen Ramsey;Jordan Fuller
2021_01_CHI_LA,1554,pass,8.0,20.0,12.0,45.0,2:00,1:15,,13.0,0.0,2.0,7.0,"3 DL, 3 LB, 5 DB",;;;;;;;;;;,11,5,4,ZONE_COVERAGE,COVER_4,True,00-0036290;00-0036309;00-0031428;00-0022531;00-0030874;00-0032768;00-0031868;00-0027973;00-0032384;00-0034347;00-0035062,Cole Kmet;Darnell Mooney;Allen Robinson;Jason Peters;Damien Williams;Cody Whitehair;Damiere Byrd;Andy Dalton;Germain Ifedi;James Daniels;Sam Mustipher,00-0033072;00-0035591;00-0035663;00-0032889;00-0034266;00-0035665;00-0031388;00-0034810;00-0034203;00-0033055;00-0036431,Leonard Floyd;Justin Hollins;Taylor Rapp;A'Shawn Robinson;Kenny Young;David Long;Aaron Donald;Sebastian Joseph-Day;Darious Williams;Jalen Ramsey;Jordan Fuller
2021_01_CHI_LA,1578,run,0.0,12.0,12.0,5.0,1:15,1:10,,13.0,0.0,1.0,10.0,"3 DL, 3 LB, 5 DB",;;;;;;;;;;,11,6,,,,,00-0036309;00-0031428;00-0022531;00-0027696;00-0035685;00-0032768;00-0027973;00-0032384;00-0030068;00-0034347;00-0035062,Darnell Mooney;Allen Robinson;Jason Peters;Jimmy Graham;David Montgomery;Cody Whitehair;Andy Dalton;Germain Ifedi;Marquise Goodwin;James Daniels;Sam Mustipher,00-0033072;00-0035591;00-0035663;00-0032889;00-0034266;00-0035665;00-0031388;00-0034810;00-0034203;00-0033055;00-0036431,Leonard Floyd;Justin Hollins;Taylor Rapp;A'Shawn Robinson;Kenny Young;David Long;Aaron Donald;Sebastian Joseph-Day;Darious Williams;Jalen Ramsey;Jordan Fuller
2021_01_CHI_LA,1599,timeout,0.0,,,0.0,1:10,1:10,LA,13.0,0.0,,0.0,,,0,,,,,,,,,
2021_01_CHI_LA,1616,run,9.0,12.0,3.0,32.0,1:10,0:38,,13.0,0.0,2.0,10.0,"2 DL, 4 LB, 5 DB",;;;;;;;;;;,11,6,4,,,,00-0036290;00-0036309;00-0031428;00-0036905;00-0035685;00-0032768;00-0027973;00-0032384;00-0030068;00-0034347;00-0035062,Cole Kmet;Darnell Mooney;Allen Robinson;Larry Borom;David Montgomery;Cody Whitehair;Andy Dalton;Germain Ifedi;Marquise Goodwin;James Daniels;Sam Mustipher,00-0033072;00-0035591;00-0035663;00-0035617;00-0034266;00-0035665;00-0031388;00-0034203;00-0034810;00-0033055;00-0036431,Leonard Floyd;Justin Hollins;Taylor Rapp;Troy Reeder;Kenny Young;David Long;Aaron Donald;Darious Williams;Sebastian Joseph-Day;Jalen Ramsey;Jordan Fuller
2021_01_CHI_LA,1637,run,3.0,3.0,0.0,4.0,0:38,0:34,,13.0,6.0,3.0,1.0,"2 DL, 4 LB, 5 DB",;;;;;;;;;;,11,7,,,,,00-0036290;00-0036309;00-0031428;00-0036905;00-0035685;00-0032768;00-0027973;00-0032384;00-0030068;00-0034347;00-0035062,Cole Kmet;Darnell Mooney;Allen Robinson;Larry Borom;David Montgomery;Cody Whitehair;Andy Dalton;Germain Ifedi;Marquise Goodwin;James Daniels;Sam Mustipher,00-0033072;00-0035591;00-0035663;00-0035617;00-0034266;00-0035665;00-0031388;00-0034203;00-0034810;00-0033055;00-0036431,Leonard Floyd;Justin Hollins;Taylor Rapp;Troy Reeder;Kenny Young;David Long;Aaron Donald;Darious Williams;Sebastian Joseph-Day;Jalen Ramsey;Jordan Fuller
2021_01_CHI_LA,1659,extra_point,0.0,15.0,15.0,0.0,0:34,0:34,,13.0,7.0,,0.0,,;;;;;;;;;;,11,,,,,,00-0031203;00-0032135;00-0036905;00-0031079;00-0033676;00-0032768;00-0032384;00-0028284;00-0034347;00-0035061;00-0035062,Cairo Santos;Jesse James;Larry Borom;Pat O'Donnell;Elijah Wilkinson;Cody Whitehair;Germain Ifedi;Patrick Scales;James Daniels;Alex Bars;Sam Mustipher,00-0036421;00-0035933;00-0034813;00-0035617;00-0035667;00-0035944;00-0033908;00-0035669;00-0034812;00-0036994;00-0033055,Terrell Burgess;Michael Hoecht;Justin Lawler;Troy Reeder;Greg Gaines;Jonah Williams;Cooper Kupp;Nick Scott;Travin Howard;Ernest Jones;Jalen Ramsey
2021_01_CHI_LA,1675,kickoff,0.0,35.0,35.0,1.0,0:34,0:33,,13.0,7.0,,0.0,,;;;;;;;;;;,11,,,,,,00-0031203;00-0032986;00-0035293;00-0036906;00-0035621;00-0032790;00-0036305;00-0036704;00-0032774;00-0034801;00-0031130,Cairo Santos;J.P. Holtz;Xavier Crawford;Khalil Herbert;Nsimba Webster;DeAndre Houston-Carson;Trevis Gipson;Caleb Johnson;Deon Bush;Josh Woods;Christian Jones,00-0036421;00-0036918;00-0035933;00-0033246;00-0034813;00-0035617;00-0035783;00-0035669;00-0034812;00-0036994;00-0036860,Terrell Burgess;Jacob Harris;Michael Hoecht;Johnny Mundt;Justin Lawler;Troy Reeder;Tyler Hall;Nick Scott;Travin Howard;Ernest Jones;Jake Funk
2021_01_CHI_LA,1690,qb_kneel,-2.0,75.0,77.0,33.0,0:33,0:00,,13.0,7.0,1.0,10.0,"2 DL, 4 LB, 5 DB",;;;;;;;;;;,11,8,,,,,00-0032242;00-0034804;00-0033246;00-0033110;00-0035664;00-0035668;00-0036415;00-0026498;00-0030431;00-0024270;00-0034261,Rob Havenstein;Brian Allen;Johnny Mundt;Tyler Higbee;Darrell Henderson;David Edwards;Van Jefferson;Matthew Stafford;Robert Woods;Andrew Whitworth;Austin Corbett,00-0032786;00-0030527;00-0036292;00-0032107;00-0031040;00-0028924;00-0029657;00-0036307;00-0033784;00-0034874;00-0027952,Marqui Christian;Alec Ogletree;Jaylon Johnson;Angelo Blackson;Khalil Mack;Tashaun Gipson;Akiem Hicks;Kindle Vildor;Eddie Jackson;Roquan Smith;Robert Quinn
2021_01_CHI_LA,1711,start_quarter_3,,,,0.0,0:00,0:00,,13.0,7.0,,0.0,,,0,,,,,,,,,
2021_01_CHI_LA,1730,kickoff,0.0,35.0,35.0,0.0,15:00,15:00,,13.0,7.0,,0.0,,;;;;;;;;;;,11,,,,,,00-0031203;00-0032986;00-0035293;00-0036906;00-0035621;00-0032790;00-0036305;00-0036704;00-0032774;00-0034801;00-0031130,Cairo Santos;J.P. Holtz;Xavier Crawford;Khalil Herbert;Nsimba Webster;DeAndre Houston-Carson;Trevis Gipson;Caleb Johnson;Deon Bush;Josh Woods;Christian Jones,00-0036421;00-0036918;00-0035933;00-0033246;00-0034813;00-0035617;00-0035783;00-0035669;00-0034812;00-0036994;00-0036860,Terrell Burgess;Jacob Harris;Michael Hoecht;Johnny Mundt;Justin Lawler;Troy Reeder;Tyler Hall;Nick Scott;Travin Howard;Ernest Jones;Jake Funk
2021_01_CHI_LA,1751,pass,0.0,75.0,75.0,3.0,15:00,14:57,,13.0,7.0,1.0,10.0,"2 DL, 4 LB, 5 DB",;;;;;;;;;;,11,7,5,ZONE_COVERAGE,COVER_3,False,00-0032242;00-0034804;00-0033246;00-0033110;00-0035664;00-0035668;00-0033908;00-0026498;00-0030431;00-0024270;00-0034261,Rob Havenstein;Brian Allen;Johnny Mundt;Tyler Higbee;Darrell Henderson;David Edwards;Cooper Kupp;Matthew Stafford;Robert Woods;Andrew Whitworth;Austin Corbett,00-0032786;00-0034387;00-0030527;00-0036292;00-0031040;00-0028924;00-0036307;00-0029657;00-0033784;00-0034874;00-0027952,Marqui Christian;Bilal Nichols;Alec Ogletree;Jaylon Johnson;Khalil Mack;Tashaun Gipson;Kindle Vildor;Akiem Hicks;Eddie Jackson;Roquan Smith;Robert Quinn
2021_01_CHI_LA,1773,run,0.0,75.0,75.0,27.0,14:57,14:30,,13.0,7.0,2.0,10.0,"2 DL, 4 LB, 5 DB",;;;;;;;;;;,11,7,,,,,00-0032242;00-0034804;00-0033110;00-0035664;00-0035668;00-0033908;00-0036415;00-0026498;00-0030431;00-0024270;00-0034261,Rob Havenstein;Brian Allen;Tyler Higbee;Darrell Henderson;David Edwards;Cooper Kupp;Van Jefferson;Matthew Stafford;Robert Woods;Andrew Whitworth;Austin Corbett,00-0032786;00-0034387;00-0030527;00-0036292;00-0031040;00-0028924;00-0029657;00-0036307;00-0033784;00-0034874;00-0027952,Marqui Christian;Bilal Nichols;Alec Ogletree;Jaylon Johnson;Khalil Mack;Tashaun Gipson;Akiem Hicks;Kindle Vildor;Eddie Jackson;Roquan Smith;Robert Quinn
2021_01_CHI_LA,1794,pass,19.0,75.0,56.0,29.0,14:30,14:01,,13.0,7.0,3.0,10.0,"2 DL, 4 LB, 5 DB",;;;;;;;;;;,11,6,4,MAN_COVERAGE,COVER_1,False,00-0032242;00-0034804;00-0033110;00-0035664;00-0035668;00-0033908;00-0036415;00-0026498;00-0030431;00-0024270;00-0034261,Rob Havenstein;Brian Allen;Tyler Higbee;Darrell Henderson;David Edwards;Cooper Kupp;Van Jefferson;Matthew Stafford;Robert Woods;Andrew Whitworth;Austin Corbett,00-0032786;00-0034387;00-0030527;00-0036292;00-0031040;00-0028924;00-0029657;00-0036307;00-0033784;00-0034874;00-0027952,Marqui Christian;Bilal Nichols;Alec Ogletree;Jaylon Johnson;Khalil Mack;Tashaun Gipson;Akiem Hicks;Kindle Vildor;Eddie Jackson;Roquan Smith;Robert Quinn
2021_01_CHI_LA,1818,pass,56.0,56.0,0.0,9.0,14:01,13:52,,19.0,7.0,1.0,10.0,"2 DL, 4 LB, 5 DB",;;;;;;;;;;,11,6,3,ZONE_COVERAGE,COVER_6,False,00-0032242;00-0034804;00-0033110;00-0035664;00-0035668;00-0033908;00-0036415;00-0026498;00-0030431;00-0024270;00-0034261,Rob Havenstein;Brian Allen;Tyler Higbee;Darrell Henderson;David Edwards;Cooper Kupp;Van Jefferson;Matthew Stafford;Robert Woods;Andrew Whitworth;Austin Corbett,00-0032786;00-0034387;00-0030527;00-0036292;00-0031040;00-0028924;00-0036307;00-0029657;00-0033784;00-0034874;00-0027952,Marqui Christian;Bilal Nichols;Alec Ogletree;Jaylon Johnson;Khalil Mack;Tashaun Gipson;Kindle Vildor;Akiem Hicks;Eddie Jackson;Roquan Smith;Robert Quinn
2021_01_CHI_LA,1855,extra_point,0.0,15.0,15.0,0.0,13:52,13:52,,20.0,7.0,,0.0,,;;;;;;;;;;,11,,,,,,00-0032242;00-0035118;00-0034804;00-0033246;00-0033110;00-0034114;00-0034803;00-0035668;00-0034261;00-0035269;00-0028872,Rob Havenstein;Matthew Orzech;Brian Allen;Johnny Mundt;Tyler Higbee;Coleman Shelton;Joe Noteboom;David Edwards;Austin Corbett;Matt Gay;Johnny Hekker,00-0034387;00-0035293;00-0032107;00-0036909;00-0032790;00-0036305;00-0032774;00-0031130;00-0036307;00-0034874;00-0031258,Bilal Nichols;Xavier Crawford;Angelo Blackson;Khyiris Tonga;DeAndre Houston-Carson;Trevis Gipson;Deon Bush;Christian Jones;Kindle Vildor;Roquan Smith;Jeremiah Attaochu
2021_01_CHI_LA,1871,kickoff,0.0,50.0,50.0,3.0,13:52,13:49,,20.0,7.0,,0.0,,;;;;;;;;;;,11,,,,,,00-0036421;00-0036918;00-0035663;00-0034813;00-0035617;00-0035783;00-0035269;00-0035669;00-0034812;00-0036994;00-0036860,Terrell Burgess;Jacob Harris;Taylor Rapp;Justin Lawler;Troy Reeder;Tyler Hall;Matt Gay;Nick Scott;Travin Howard;Ernest Jones;Jake Funk,00-0032135;00-0032986;00-0035293;00-0036906;00-0035621;00-0032790;00-0036704;00-0032774;00-0034801;00-0031130;00-0031258,Jesse James;J.P. Holtz;Xavier Crawford;Khalil Herbert;Nsimba Webster;DeAndre Houston-Carson;Caleb Johnson;Deon Bush;Josh Woods;Christian Jones;Jeremiah Attaochu
2021_01_CHI_LA,1898,pass,6.0,81.0,75.0,36.0,13:49,13:13,,20.0,7.0,1.0,10.0,"3 DL, 3 LB, 5 DB",;;;;;;;;;;,11,6,4,ZONE_COVERAGE,COVER_3,False,00-0036290;00-0036309;00-0031428;00-0036905;00-0035685;00-0032768;00-0027973;00-0032384;00-0030068;00-0034347;00-0035062,Cole Kmet;Darnell Mooney;Allen Robinson;Larry Borom;David Montgomery;Cody Whitehair;Andy Dalton;Germain Ifedi;Marquise Goodwin;James Daniels;Sam Mustipher,00-0033072;00-0035591;00-0035663;00-0032889;00-0034266;00-0035665;00-0031388;00-0034810;00-0034203;00-0033055;00-0036431,Leonard Floyd;Justin Hollins;Taylor Rapp;A'Shawn Robinson;Kenny Young;David Long;Aaron Donald;Sebastian Joseph-Day;Darious Williams;Jalen Ramsey;Jordan Fuller
2021_01_CHI_LA,1922,run,1.0,75.0,74.0,42.0,13:13,12:31,,20.0,7.0,2.0,4.0,"3 DL, 3 LB, 5 DB",;;;;;;;;;;,11,6,,,,,00-0036290;00-0036309;00-0031428;00-0036905;00-0035685;00-0032768;00-0031868;00-0027973;00-0032384;00-0034347;00-0035062,Cole Kmet;Darnell Mooney;Allen Robinson;Larry Borom;David Montgomery;Cody Whitehair;Damiere Byrd;Andy Dalton;Germain Ifedi;James Daniels;Sam Mustipher,00-0033072;00-0035591;00-0035663;00-0032889;00-0034266;00-0035665;00-0031388;00-0034810;00-0034203;00-0033055;00-0036431,Leonard Floyd;Justin Hollins;Taylor Rapp;A'Shawn Robinson;Kenny Young;David Long;Aaron Donald;Sebastian Joseph-Day;Darious Williams;Jalen Ramsey;Jordan Fuller
2021_01_CHI_LA,1943,pass,7.0,74.0,67.0,35.0,12:31,11:56,,20.0,7.0,3.0,3.0,"2 DL, 4 LB, 5 DB",;;;;;;;;;;,11,7,4,ZONE_COVERAGE,COVER_3,False,00-0036290;00-0036309;00-0031428;00-0036905;00-0035685;00-0032768;00-0031868;00-0027973;00-0032384;00-0034347;00-0035062,Cole Kmet;Darnell Mooney;Allen Robinson;Larry Borom;David Montgomery;Cody Whitehair;Damiere Byrd;Andy Dalton;Germain Ifedi;James Daniels;Sam Mustipher,00-0033072;00-0035591;00-0035663;00-0035617;00-0034266;00-0035665;00-0031388;00-0034203;00-0034810;00-0033055;00-0036431,Leonard Floyd;Justin Hollins;Taylor Rapp;Troy Reeder;Kenny Young;David Long;Aaron Donald;Darious Williams;Sebastian Joseph-Day;Jalen Ramsey;Jordan Fuller
2021_01_CHI_LA,1967,run,6.0,67.0,61.0,36.0,11:56,11:20,,20.0,7.0,1.0,10.0,"3 DL, 3 LB, 5 DB",;;;;;;;;;;,11,6,,,,,00-0036290;00-0036309;00-0031428;00-0036905;00-0035685;00-0032768;00-0031868;00-0027973;00-0032384;00-0034347;00-0035062,Cole Kmet;Darnell Mooney;Allen Robinson;Larry Borom;David Montgomery;Cody Whitehair;Damiere Byrd;Andy Dalton;Germain Ifedi;James Daniels;Sam Mustipher,00-0033072;00-0035591;00-0035663;00-0032889;00-0034266;00-0035665;00-0031388;00-0034810;00-0034203;00-0033055;00-0036431,Leonard Floyd;Justin Hollins;Taylor Rapp;A'Shawn Robinson;Kenny Young;David Long;Aaron Donald;Sebastian Joseph-Day;Darious Williams;Jalen Ramsey;Jordan Fuller
2021_01_CHI_LA,1988,pass,10.0,61.0,51.0,38.0,11:20,10:42,,20.0,7.0,2.0,4.0,"2 DL, 4 LB, 5 DB",;;;;;;;;;;,11,6,3,ZONE_COVERAGE,COVER_3,False,00-0036290;00-0036309;00-0036905;00-0027696;00-0035685;00-0032768;00-0027973;00-0032384;00-0030068;00-0034347;00-0035062,Cole Kmet;Darnell Mooney;Larry Borom;Jimmy Graham;David Montgomery;Cody Whitehair;Andy Dalton;Germain Ifedi;Marquise Goodwin;James Daniels;Sam Mustipher,00-0033072;00-0035591;00-0035663;00-0035617;00-0034266;00-0035665;00-0031388;00-0034203;00-0034810;00-0033055;00-0036431,Leonard Floyd;Justin Hollins;Taylor Rapp;Troy Reeder;Kenny Young;David Long;Aaron Donald;Darious Williams;Sebastian Joseph-Day;Jalen Ramsey;Jordan Fuller
2021_01_CHI_LA,2012,pass,0.0,51.0,51.0,6.0,10:42,10:36,,20.0,7.0,1.0,10.0,"2 DL, 4 LB, 5 DB",;;;;;;;;;;,11,6,4,ZONE_COVERAGE,COVER_3,True,00-0036290;00-0036309;00-0032135;00-0031428;00-0036905;00-0030874;00-0032768;00-0027973;00-0032384;00-0034347;00-0035062,Cole Kmet;Darnell Mooney;Jesse James;Allen Robinson;Larry Borom;Damien Williams;Cody Whitehair;Andy Dalton;Germain Ifedi;James Daniels;Sam Mustipher,00-0035591;00-0035663;00-0034813;00-0035617;00-0034266;00-0035665;00-0031388;00-0034810;00-0034203;00-0033055;00-0036431,Justin Hollins;Taylor Rapp;Justin Lawler;Troy Reeder;Kenny Young;David Long;Aaron Donald;Sebastian Joseph-Day;Darious Williams;Jalen Ramsey;Jordan Fuller
2021_01_CHI_LA,2034,pass,8.0,51.0,43.0,40.0,10:36,9:56,,20.0,7.0,2.0,10.0,"2 DL, 4 LB, 5 DB",;;;;;;;;;;,11,6,4,ZONE_COVERAGE,COVER_3,False,00-0036309;00-0031428;00-0036905;00-0027696;00-0030874;00-0032768;00-0031868;00-0027973;00-0032384;00-0034347;00-0035062,Darnell Mooney;Allen Robinson;Larry Borom;Jimmy Graham;Damien Williams;Cody Whitehair;Damiere Byrd;Andy Dalton;Germain Ifedi;James Daniels;Sam Mustipher,00-0033072;00-0035663;00-0035617;00-0036419;00-0035667;00-0034266;00-0035665;00-0031388;00-0034203;00-0033055;00-0036431,Leonard Floyd;Taylor Rapp;Troy Reeder;Terrell Lewis;Greg Gaines;Kenny Young;David Long;Aaron Donald;Darious Williams;Jalen Ramsey;Jordan Fuller
2021_01_CHI_LA,2063,pass,3.0,43.0,40.0,39.0,9:56,9:17,,20.0,7.0,3.0,2.0,"2 DL, 4 LB, 5 DB",;;;;;;;;;;,11,6,4,ZONE_COVERAGE,COVER_3,False,00-0036290;00-0036309;00-0031428;00-0036905;00-0030874;00-0032768;00-0027973;00-0032384;00-0030068;00-0034347;00-0035062,Cole Kmet;Darnell Mooney;Allen Robinson;Larry Borom;Damien Williams;Cody Whitehair;Andy Dalton;Germain Ifedi;Marquise Goodwin;James Daniels;Sam Mustipher,00-0033072;00-0035663;00-0035617;00-0036419;00-0035667;00-0034266;00-0035665;00-0031388;00-0034203;00-0033055;00-0036431,Leonard Floyd;Taylor Rapp;Troy Reeder;Terrell Lewis;Greg Gaines;Kenny Young;David Long;Aaron Donald;Darious Williams;Jalen Ramsey;Jordan Fuller
2021_01_CHI_LA,2090,run,4.0,40.0,36.0,36.0,9:17,8:41,,20.0,7.0,1.0,10.0,"3 DL, 3 LB, 5 DB",;;;;;;;;;;,11,5,,,,,00-0036290;00-0036309;00-0031428;00-0036905;00-0035685;00-0032768;00-0031868;00-0027973;00-0032384;00-0034347;00-0035062,Cole Kmet;Darnell Mooney;Allen Robinson;Larry Borom;David Montgomery;Cody Whitehair;Damiere Byrd;Andy Dalton;Germain Ifedi;James Daniels;Sam Mustipher,00-0035663;00-0034813;00-0036419;00-0035944;00-0034266;00-0031388;00-0036904;00-0034203;00-0034810;00-0033055;00-0036431,Taylor Rapp;Justin Lawler;Terrell Lewis;Jonah Williams;Kenny Young;Aaron Donald;Robert Rochell;Darious Williams;Sebastian Joseph-Day;Jalen Ramsey;Jordan Fuller
2021_01_CHI_LA,2111,pass,10.0,36.0,26.0,47.0,8:41,7:54,,20.0,7.0,2.0,6.0,"2 DL, 4 LB, 5 DB",;;;;;;;;;;,11,7,5,ZONE_COVERAGE,COVER_3,False,00-0036290;00-0036309;00-0031428;00-0036905;00-0035685;00-0032768;00-0027973;00-0032384;00-0030068;00-0034347;00-0035062,Cole Kmet;Darnell Mooney;Allen Robinson;Larry Borom;David Montgomery;Cody Whitehair;Andy Dalton;Germain Ifedi;Marquise Goodwin;James Daniels;Sam Mustipher,00-0035663;00-0034813;00-0035617;00-0036419;00-0034266;00-0031388;00-0036904;00-0034810;00-0034203;00-0033055;00-0036431,Taylor Rapp;Justin Lawler;Troy Reeder;Terrell Lewis;Kenny Young;Aaron Donald;Robert Rochell;Sebastian Joseph-Day;Darious Williams;Jalen Ramsey;Jordan Fuller
2021_01_CHI_LA,2135,run,4.0,26.0,22.0,40.0,7:54,7:14,,20.0,7.0,1.0,10.0,"3 DL, 3 LB, 5 DB",;;;;;;;;;;,11,6,,,,,00-0036290;00-0036309;00-0036905;00-0027696;00-0035685;00-0032768;00-0031868;00-0027973;00-0032384;00-0034347;00-0035062,Cole Kmet;Darnell Mooney;Larry Borom;Jimmy Graham;David Montgomery;Cody Whitehair;Damiere Byrd;Andy Dalton;Germain Ifedi;James Daniels;Sam Mustipher,00-0033072;00-0035591;00-0035663;00-0032889;00-0034266;00-0036904;00-0031388;00-0034810;00-0034203;00-0033055;00-0036431,Leonard Floyd;Justin Hollins;Taylor Rapp;A'Shawn Robinson;Kenny Young;Robert Rochell;Aaron Donald;Sebastian Joseph-Day;Darious Williams;Jalen Ramsey;Jordan Fuller
2021_01_CHI_LA,2156,run,6.0,22.0,16.0,40.0,7:14,6:34,,20.0,7.0,2.0,6.0,"3 DL, 3 LB, 5 DB",;;;;;;;;;;,11,6,,,,,00-0036290;00-0036309;00-0031428;00-0036905;00-0030874;00-0032768;00-0031868;00-0027973;00-0032384;00-0034347;00-0035062,Cole Kmet;Darnell Mooney;Allen Robinson;Larry Borom;Damien Williams;Cody Whitehair;Damiere Byrd;Andy Dalton;Germain Ifedi;James Daniels;Sam Mustipher,00-0033072;00-0035591;00-0035663;00-0032889;00-0034266;00-0031388;00-0036904;00-0034810;00-0034203;00-0033055;00-0036431,Leonard Floyd;Justin Hollins;Taylor Rapp;A'Shawn Robinson;Kenny Young;Aaron Donald;Robert Rochell;Sebastian Joseph-Day;Darious Williams;Jalen Ramsey;Jordan Fuller
2021_01_CHI_LA,2177,pass,1.0,16.0,15.0,41.0,6:34,5:53,,20.0,7.0,1.0,10.0,"3 DL, 3 LB, 5 DB",;;;;;;;;;;,11,6,3,ZONE_COVERAGE,COVER_3,False,00-0036945;00-0036290;00-0036309;00-0031428;00-0036905;00-0030874;00-0032768;00-0031868;00-0032384;00-0034347;00-0035062,Justin Fields;Cole Kmet;Darnell Mooney;Allen Robinson;Larry Borom;Damien Williams;Cody Whitehair;Damiere Byrd;Germain Ifedi;James Daniels;Sam Mustipher,00-0033072;00-0035591;00-0035663;00-0032889;00-0034266;00-0031388;00-0036904;00-0034810;00-0034203;00-0033055;00-0036431,Leonard Floyd;Justin Hollins;Taylor Rapp;A'Shawn Robinson;Kenny Young;Aaron Donald;Robert Rochell;Sebastian Joseph-Day;Darious Williams;Jalen Ramsey;Jordan Fuller
2021_01_CHI_LA,2201,run,1.0,15.0,14.0,45.0,5:53,5:08,,20.0,7.0,2.0,9.0,"2 DL, 4 LB, 5 DB",;;;;;;;;;;,11,5,,,,,00-0036309;00-0031428;00-0033676;00-0027696;00-0030874;00-0032768;00-0031868;00-0027973;00-0032384;00-0034347;00-0035062,Darnell Mooney;Allen Robinson;Elijah Wilkinson;Jimmy Graham;Damien Williams;Cody Whitehair;Damiere Byrd;Andy Dalton;Germain Ifedi;James Daniels;Sam Mustipher,00-0033072;00-0035591;00-0035663;00-0035617;00-0035667;00-0034266;00-0036904;00-0031388;00-0034203;00-0033055;00-0036431,Leonard Floyd;Justin Hollins;Taylor Rapp;Troy Reeder;Greg Gaines;Kenny Young;Robert Rochell;Aaron Donald;Darious Williams;Jalen Ramsey;Jordan Fuller
2021_01_CHI_LA,2226,timeout,0.0,,,0.0,5:08,5:08,CHI,20.0,7.0,,0.0,,,0,,,,,,,,,
2021_01_CHI_LA,2243,pass,11.0,14.0,3.0,48.0,5:08,4:20,,20.0,7.0,3.0,8.0,"2 DL, 4 LB, 5 DB",;;;;;;;;;;,11,6,4,ZONE_COVERAGE,COVER_6,False,00-0036309;00-0031428;00-0033676;00-0027696;00-0030874;00-0032768;00-0031868;00-0027973;00-0032384;00-0034347;00-0035062,Darnell Mooney;Allen Robinson;Elijah Wilkinson;Jimmy Graham;Damien Williams;Cody Whitehair;Damiere Byrd;Andy Dalton;Germain Ifedi;James Daniels;Sam Mustipher,00-0033072;00-0035591;00-0035663;00-0035617;00-0035667;00-0034266;00-0031388;00-0036904;00-0034203;00-0033055;00-0036431,Leonard Floyd;Justin Hollins;Taylor Rapp;Troy Reeder;Greg Gaines;Kenny Young;Aaron Donald;Robert Rochell;Darious Williams;Jalen Ramsey;Jordan Fuller
2021_01_CHI_LA,2267,run,3.0,3.0,0.0,6.0,4:20,4:14,,20.0,13.0,1.0,3.0,"3 DL, 3 LB, 5 DB",;;;;;;;;;;,11,7,,,,,00-0036945;00-0036290;00-0036309;00-0032986;00-0031428;00-0033676;00-0030874;00-0032768;00-0032384;00-0034347;00-0035062,Justin Fields;Cole Kmet;Darnell Mooney;J.P. Holtz;Allen Robinson;Elijah Wilkinson;Damien Williams;Cody Whitehair;Germain Ifedi;James Daniels;Sam Mustipher,00-0033072;00-0035591;00-0035663;00-0032889;00-0034266;00-0031388;00-0036904;00-0034810;00-0034203;00-0033055;00-0036431,Leonard Floyd;Justin Hollins;Taylor Rapp;A'Shawn Robinson;Kenny Young;Aaron Donald;Robert Rochell;Sebastian Joseph-Day;Darious Williams;Jalen Ramsey;Jordan Fuller
2021_01_CHI_LA,2289,extra_point,0.0,15.0,15.0,0.0,4:14,4:14,,20.0,14.0,,0.0,,;;;;;;;;;;,11,,,,,,00-0031203;00-0032135;00-0032986;00-0031079;00-0033676;00-0032768;00-0032384;00-0028284;00-0034347;00-0035061;00-0035062,Cairo Santos;Jesse James;J.P. Holtz;Pat O'Donnell;Elijah Wilkinson;Cody Whitehair;Germain Ifedi;Patrick Scales;James Daniels;Alex Bars;Sam Mustipher,00-0036421;00-0035933;00-0034813;00-0035617;00-0035667;00-0035944;00-0033908;00-0035669;00-0034812;00-0036994;00-0033055,Terrell Burgess;Michael Hoecht;Justin Lawler;Troy Reeder;Greg Gaines;Jonah Williams;Cooper Kupp;Nick Scott;Travin Howard;Ernest Jones;Jalen Ramsey
2021_01_CHI_LA,2305,kickoff,0.0,35.0,35.0,0.0,4:14,4:14,,20.0,14.0,,0.0,,;;;;;;;;;;,11,,,,,,00-0031203;00-0032986;00-0035293;00-0036906;00-0035621;00-0032790;00-0036305;00-0032774;00-0036704;00-0034801;00-0031130,Cairo Santos;J.P. Holtz;Xavier Crawford;Khalil Herbert;Nsimba Webster;DeAndre Houston-Carson;Trevis Gipson;Deon Bush;Caleb Johnson;Josh Woods;Christian Jones,00-0036421;00-0036918;00-0035933;00-0033246;00-0034813;00-0035617;00-0035783;00-0035669;00-0034812;00-0036994;00-0036860,Terrell Burgess;Jacob Harris;Michael Hoecht;Johnny Mundt;Justin Lawler;Troy Reeder;Tyler Hall;Nick Scott;Travin Howard;Ernest Jones;Jake Funk
2021_01_CHI_LA,2320,run,5.0,75.0,70.0,20.0,4:14,3:54,,20.0,14.0,1.0,10.0,"2 DL, 4 LB, 5 DB",;;;;;;;;;;,11,6,,,,,00-0032242;00-0034804;00-0033110;00-0026189;00-0035664;00-0035668;00-0033908;00-0036415;00-0026498;00-0024270;00-0034261,Rob Havenstein;Brian Allen;Tyler Higbee;DeSean Jackson;Darrell Henderson;David Edwards;Cooper Kupp;Van Jefferson;Matthew Stafford;Andrew Whitworth;Austin Corbett,00-0032786;00-0034387;00-0030527;00-0036292;00-0031040;00-0028924;00-0036307;00-0029657;00-0033784;00-0034874;00-0027952,Marqui Christian;Bilal Nichols;Alec Ogletree;Jaylon Johnson;Khalil Mack;Tashaun Gipson;Kindle Vildor;Akiem Hicks;Eddie Jackson;Roquan Smith;Robert Quinn
2021_01_CHI_LA,2341,pass,0.0,70.0,70.0,3.0,3:54,3:51,,20.0,14.0,2.0,5.0,"2 DL, 4 LB, 5 DB",;;;;;;;;;;,11,5,4,ZONE_COVERAGE,COVER_6,False,00-0032242;00-0034804;00-0033110;00-0026189;00-0035664;00-0035668;00-0033908;00-0036415;00-0026498;00-0024270;00-0034261,Rob Havenstein;Brian Allen;Tyler Higbee;DeSean Jackson;Darrell Henderson;David Edwards;Cooper Kupp;Van Jefferson;Matthew Stafford;Andrew Whitworth;Austin Corbett,00-0032786;00-0034387;00-0030527;00-0036292;00-0031040;00-0028924;00-0036307;00-0029657;00-0033784;00-0034874;00-0027952,Marqui Christian;Bilal Nichols;Alec Ogletree;Jaylon Johnson;Khalil Mack;Tashaun Gipson;Kindle Vildor;Akiem Hicks;Eddie Jackson;Roquan Smith;Robert Quinn
2021_01_CHI_LA,2363,pass,6.0,70.0,64.0,28.0,3:51,3:23,,20.0,14.0,3.0,5.0,"2 DL, 4 LB, 5 DB",;;;;;;;;;;,11,7,4,MAN_COVERAGE,COVER_1,False,00-0032242;00-0034804;00-0033110;00-0026189;00-0035664;00-0035668;00-0033908;00-0036415;00-0026498;00-0024270;00-0034261,Rob Havenstein;Brian Allen;Tyler Higbee;DeSean Jackson;Darrell Henderson;David Edwards;Cooper Kupp;Van Jefferson;Matthew Stafford;Andrew Whitworth;Austin Corbett,00-0032786;00-0034387;00-0030527;00-0036292;00-0031040;00-0028924;00-0036307;00-0029657;00-0033784;00-0034874;00-0027952,Marqui Christian;Bilal Nichols;Alec Ogletree;Jaylon Johnson;Khalil Mack;Tashaun Gipson;Kindle Vildor;Akiem Hicks;Eddie Jackson;Roquan Smith;Robert Quinn
2021_01_CHI_LA,2387,pass,37.0,64.0,27.0,39.0,3:23,2:44,,20.0,14.0,1.0,10.0,"2 DL, 4 LB, 5 DB",;;;;;;;;;;,11,7,4,ZONE_COVERAGE,COVER_3,False,00-0032242;00-0034804;00-0033110;00-0026189;00-0035664;00-0035668;00-0033908;00-0036415;00-0026498;00-0024270;00-0034261,Rob Havenstein;Brian Allen;Tyler Higbee;DeSean Jackson;Darrell Henderson;David Edwards;Cooper Kupp;Van Jefferson;Matthew Stafford;Andrew Whitworth;Austin Corbett,00-0032786;00-0034387;00-0030527;00-0036292;00-0031040;00-0028924;00-0036307;00-0029657;00-0033784;00-0034874;00-0027952,Marqui Christian;Bilal Nichols;Alec Ogletree;Jaylon Johnson;Khalil Mack;Tashaun Gipson;Kindle Vildor;Akiem Hicks;Eddie Jackson;Roquan Smith;Robert Quinn
2021_01_CHI_LA,2416,pass,3.0,27.0,24.0,24.0,2:44,2:20,,20.0,14.0,1.0,10.0,"2 DL, 4 LB, 5 DB",;;;;;;;;;;,11,6,3,MAN_COVERAGE,COVER_1,False,00-0032242;00-0034804;00-0033110;00-0026189;00-0035664;00-0035668;00-0033908;00-0036415;00-0026498;00-0024270;00-0034261,Rob Havenstein;Brian Allen;Tyler Higbee;DeSean Jackson;Darrell Henderson;David Edwards;Cooper Kupp;Van Jefferson;Matthew Stafford;Andrew Whitworth;Austin Corbett,00-0032786;00-0034387;00-0030527;00-0036292;00-0031040;00-0028924;00-0029657;00-0036307;00-0033784;00-0034874;00-0031258,Marqui Christian;Bilal Nichols;Alec Ogletree;Jaylon Johnson;Khalil Mack;Tashaun Gipson;Akiem Hicks;Kindle Vildor;Eddie Jackson;Roquan Smith;Jeremiah Attaochu
2021_01_CHI_LA,2440,pass,6.0,24.0,18.0,28.0,2:20,1:52,,20.0,14.0,2.0,7.0,"2 DL, 4 LB, 5 DB",;;;;;;;;;;,11,6,4,ZONE_COVERAGE,COVER_3,False,00-0032242;00-0034804;00-0033110;00-0026189;00-0035664;00-0035668;00-0033908;00-0036415;00-0026498;00-0024270;00-0034261,Rob Havenstein;Brian Allen;Tyler Higbee;DeSean Jackson;Darrell Henderson;David Edwards;Cooper Kupp;Van Jefferson;Matthew Stafford;Andrew Whitworth;Austin Corbett,00-0032786;00-0034387;00-0030527;00-0036292;00-0031040;00-0028924;00-0036307;00-0029657;00-0033784;00-0034874;00-0031258,Marqui Christian;Bilal Nichols;Alec Ogletree;Jaylon Johnson;Khalil Mack;Tashaun Gipson;Kindle Vildor;Akiem Hicks;Eddie Jackson;Roquan Smith;Jeremiah Attaochu
2021_01_CHI_LA,2469,pass,17.0,18.0,1.0,28.0,1:52,1:24,,20.0,14.0,3.0,1.0,"2 DL, 4 LB, 5 DB",;;;;;;;;;;,11,7,6,MAN_COVERAGE,COVER_1,False,00-0032242;00-0034804;00-0033110;00-0026189;00-0035664;00-0035668;00-0033908;00-0036415;00-0026498;00-0024270;00-0034261,Rob Havenstein;Brian Allen;Tyler Higbee;DeSean Jackson;Darrell Henderson;David Edwards;Cooper Kupp;Van Jefferson;Matthew Stafford;Andrew Whitworth;Austin Corbett,00-0032786;00-0034387;00-0030527;00-0036292;00-0031040;00-0028924;00-0029657;00-0036307;00-0033784;00-0034874;00-0031258,Marqui Christian;Bilal Nichols;Alec Ogletree;Jaylon Johnson;Khalil Mack;Tashaun Gipson;Akiem Hicks;Kindle Vildor;Eddie Jackson;Roquan Smith;Jeremiah Attaochu
2021_01_CHI_LA,2500,run,1.0,1.0,0.0,5.0,1:24,1:19,,26.0,14.0,1.0,1.0,"3 DL, 4 LB, 4 DB",;;;;;;;;;;,11,9,,,,,00-0032242;00-0034804;00-0033246;00-0033110;00-0035664;00-0035668;00-0033908;00-0026498;00-0030431;00-0024270;00-0034261,Rob Havenstein;Brian Allen;Johnny Mundt;Tyler Higbee;Darrell Henderson;David Edwards;Cooper Kupp;Matthew Stafford;Robert Woods;Andrew Whitworth;Austin Corbett,00-0034387;00-0030527;00-0036292;00-0031040;00-0036909;00-0028924;00-0036307;00-0029657;00-0033784;00-0034874;00-0027952,Bilal Nichols;Alec Ogletree;Jaylon Johnson;Khalil Mack;Khyiris Tonga;Tashaun Gipson;Kindle Vildor;Akiem Hicks;Eddie Jackson;Roquan Smith;Robert Quinn
2021_01_CHI_LA,2522,extra_point,0.0,15.0,15.0,0.0,1:19,1:19,,27.0,14.0,,0.0,,;;;;;;;;;;,11,,,,,,00-0032242;00-0035118;00-0034804;00-0033246;00-0033110;00-0034114;00-0034803;00-0035668;00-0034261;00-0035269;00-0028872,Rob Havenstein;Matthew Orzech;Brian Allen;Johnny Mundt;Tyler Higbee;Coleman Shelton;Joe Noteboom;David Edwards;Austin Corbett;Matt Gay;Johnny Hekker,00-0034387;00-0035293;00-0032107;00-0036909;00-0032790;00-0036305;00-0032774;00-0036307;00-0031130;00-0034874;00-0031258,Bilal Nichols;Xavier Crawford;Angelo Blackson;Khyiris Tonga;DeAndre Houston-Carson;Trevis Gipson;Deon Bush;Kindle Vildor;Christian Jones;Roquan Smith;Jeremiah Attaochu
2021_01_CHI_LA,2538,kickoff,0.0,35.0,35.0,6.0,1:19,1:13,,27.0,14.0,,0.0,,;;;;;;;;;;,11,,,,,,00-0036421;00-0036918;00-0035663;00-0034813;00-0035617;00-0035783;00-0035269;00-0035669;00-0034812;00-0036994;00-0036860,Terrell Burgess;Jacob Harris;Taylor Rapp;Justin Lawler;Troy Reeder;Tyler Hall;Matt Gay;Nick Scott;Travin Howard;Ernest Jones;Jake Funk,00-0036290;00-0032135;00-0032986;00-0035293;00-0036906;00-0032790;00-0032774;00-0036704;00-0034801;00-0031130;00-0031258,Cole Kmet;Jesse James;J.P. Holtz;Xavier Crawford;Khalil Herbert;DeAndre Houston-Carson;Deon Bush;Caleb Johnson;Josh Woods;Christian Jones;Jeremiah Attaochu
2021_01_CHI_LA,2560,pass,5.0,79.0,74.0,30.0,1:13,0:43,,27.0,14.0,1.0,10.0,"4 DL, 2 LB, 5 DB",;;;;;;;;;;,11,5,4,ZONE_COVERAGE,COVER_3,True,00-0036290;00-0036309;00-0031428;00-0033676;00-0030874;00-0032768;00-0031868;00-0027973;00-0032384;00-0034347;00-0035062,Cole Kmet;Darnell Mooney;Allen Robinson;Elijah Wilkinson;Damien Williams;Cody Whitehair;Damiere Byrd;Andy Dalton;Germain Ifedi;James Daniels;Sam Mustipher,00-0033072;00-0035933;00-0035663;00-0035667;00-0034266;00-0031388;00-0036904;00-0034810;00-0034203;00-0033055;00-0036431,Leonard Floyd;Michael Hoecht;Taylor Rapp;Greg Gaines;Kenny Young;Aaron Donald;Robert Rochell;Sebastian Joseph-Day;Darious Williams;Jalen Ramsey;Jordan Fuller
2021_01_CHI_LA,2615,pass,11.0,74.0,63.0,30.0,0:43,0:13,,27.0,14.0,2.0,5.0,"4 DL, 2 LB, 5 DB",;;;;;;;;;;,11,5,5,ZONE_COVERAGE,COVER_3,False,00-0036290;00-0036309;00-0031428;00-0033676;00-0030874;00-0032768;00-0031868;00-0027973;00-0032384;00-0034347;00-0035062,Cole Kmet;Darnell Mooney;Allen Robinson;Elijah Wilkinson;Damien Williams;Cody Whitehair;Damiere Byrd;Andy Dalton;Germain Ifedi;James Daniels;Sam Mustipher,00-0033072;00-0035933;00-0035663;00-0035667;00-0034266;00-0031388;00-0036904;00-0034810;00-0034203;00-0033055;00-0036431,Leonard Floyd;Michael Hoecht;Taylor Rapp;Greg Gaines;Kenny Young;Aaron Donald;Robert Rochell;Sebastian Joseph-Day;Darious Williams;Jalen Ramsey;Jordan Fuller
2021_01_CHI_LA,2650,pass,0.0,63.0,63.0,4.0,0:13,0:09,,27.0,14.0,1.0,10.0,"2 DL, 4 LB, 5 DB",;;;;;;;;;;,11,5,5,ZONE_COVERAGE,COVER_3,False,00-0036290;00-0036309;00-0031428;00-0033676;00-0030874;00-0032768;00-0031868;00-0027973;00-0032384;00-0034347;00-0035062,Cole Kmet;Darnell Mooney;Allen Robinson;Elijah Wilkinson;Damien Williams;Cody Whitehair;Damiere Byrd;Andy Dalton;Germain Ifedi;James Daniels;Sam Mustipher,00-0033072;00-0035663;00-0035617;00-0036419;00-0034266;00-0036904;00-0031388;00-0034810;00-0034203;00-0033055;00-0036431,Leonard Floyd;Taylor Rapp;Troy Reeder;Terrell Lewis;Kenny Young;Robert Rochell;Aaron Donald;Sebastian Joseph-Day;Darious Williams;Jalen Ramsey;Jordan Fuller
2021_01_CHI_LA,2672,run,8.0,63.0,55.0,9.0,0:09,0:00,,27.0,14.0,2.0,10.0,"2 DL, 4 LB, 5 DB",;;;;;;;;;;,11,6,,,,,00-0036290;00-0036309;00-0031428;00-0033676;00-0035685;00-0032768;00-0031868;00-0027973;00-0032384;00-0034347;00-0035062,Cole Kmet;Darnell Mooney;Allen Robinson;Elijah Wilkinson;David Montgomery;Cody Whitehair;Damiere Byrd;Andy Dalton;Germain Ifedi;James Daniels;Sam Mustipher,00-0033072;00-0035663;00-0035617;00-0036419;00-0034266;00-0036904;00-0031388;00-0034810;00-0034203;00-0033055;00-0036431,Leonard Floyd;Taylor Rapp;Troy Reeder;Terrell Lewis;Kenny Young;Robert Rochell;Aaron Donald;Sebastian Joseph-Day;Darious Williams;Jalen Ramsey;Jordan Fuller
2021_01_CHI_LA,2693,start_quarter_4,,,,0.0,0:00,0:00,,27.0,14.0,,0.0,,,0,,,,,,,,,
2021_01_CHI_LA,2712,run,5.0,55.0,50.0,40.0,15:00,14:20,,27.0,14.0,3.0,2.0,"3 DL, 3 LB, 5 DB",;;;;;;;;;;,11,6,,,,,00-0036945;00-0036290;00-0036309;00-0032135;00-0031428;00-0033676;00-0035685;00-0032768;00-0032384;00-0034347;00-0035062,Justin Fields;Cole Kmet;Darnell Mooney;Jesse James;Allen Robinson;Elijah Wilkinson;David Montgomery;Cody Whitehair;Germain Ifedi;James Daniels;Sam Mustipher,00-0033072;00-0035663;00-0032889;00-0036419;00-0034266;00-0036904;00-0031388;00-0034810;00-0034203;00-0033055;00-0036431,Leonard Floyd;Taylor Rapp;A'Shawn Robinson;Terrell Lewis;Kenny Young;Robert Rochell;Aaron Donald;Sebastian Joseph-Day;Darious Williams;Jalen Ramsey;Jordan Fuller
2021_01_CHI_LA,2733,pass,9.0,50.0,41.0,43.0,14:20,13:37,,27.0,14.0,1.0,10.0,"3 DL, 3 LB, 5 DB",;;;;;;;;;;,11,5,4,ZONE_COVERAGE,COVER_3,False,00-0036290;00-0036309;00-0031428;00-0033676;00-0035685;00-0032768;00-0031868;00-0027973;00-0032384;00-0034347;00-0035062,Cole Kmet;Darnell Mooney;Allen Robinson;Elijah Wilkinson;David Montgomery;Cody Whitehair;Damiere Byrd;Andy Dalton;Germain Ifedi;James Daniels;Sam Mustipher,00-0033072;00-0035663;00-0032889;00-0036419;00-0034266;00-0031388;00-0036904;00-0034810;00-0034203;00-0033055;00-0036431,Leonard Floyd;Taylor Rapp;A'Shawn Robinson;Terrell Lewis;Kenny Young;Aaron Donald;Robert Rochell;Sebastian Joseph-Day;Darious Williams;Jalen Ramsey;Jordan Fuller
2021_01_CHI_LA,2757,run,4.0,41.0,37.0,40.0,13:37,12:57,,27.0,14.0,2.0,1.0,"3 DL, 3 LB, 5 DB",;;;;;;;;;;,11,6,5,,,,00-0036290;00-0036309;00-0031428;00-0033676;00-0030874;00-0032768;00-0031868;00-0027973;00-0032384;00-0034347;00-0035062,Cole Kmet;Darnell Mooney;Allen Robinson;Elijah Wilkinson;Damien Williams;Cody Whitehair;Damiere Byrd;Andy Dalton;Germain Ifedi;James Daniels;Sam Mustipher,00-0033072;00-0035591;00-0035663;00-0035944;00-0034266;00-0031388;00-0036904;00-0034810;00-0034203;00-0033055;00-0036431,Leonard Floyd;Justin Hollins;Taylor Rapp;Jonah Williams;Kenny Young;Aaron Donald;Robert Rochell;Sebastian Joseph-Day;Darious Williams;Jalen Ramsey;Jordan Fuller
2021_01_CHI_LA,2778,pass,9.0,37.0,28.0,34.0,12:57,12:23,,27.0,14.0,1.0,10.0,"3 DL, 3 LB, 5 DB",;;;;;;;;;;,11,6,5,ZONE_COVERAGE,COVER_3,False,00-0036290;00-0036309;00-0031428;00-0033676;00-0030874;00-0032768;00-0027973;00-0032384;00-0030068;00-0034347;00-0035062,Cole Kmet;Darnell Mooney;Allen Robinson;Elijah Wilkinson;Damien Williams;Cody Whitehair;Andy Dalton;Germain Ifedi;Marquise Goodwin;James Daniels;Sam Mustipher,00-0033072;00-0035591;00-0035663;00-0035944;00-0034266;00-0031388;00-0036904;00-0034810;00-0034203;00-0033055;00-0036431,Leonard Floyd;Justin Hollins;Taylor Rapp;Jonah Williams;Kenny Young;Aaron Donald;Robert Rochell;Sebastian Joseph-Day;Darious Williams;Jalen Ramsey;Jordan Fuller
2021_01_CHI_LA,2802,run,3.0,28.0,25.0,37.0,12:23,11:46,,27.0,14.0,2.0,1.0,"3 DL, 3 LB, 5 DB",;;;;;;;;;;,11,6,,,,,00-0036290;00-0036309;00-0031428;00-0033676;00-0030874;00-0032768;00-0027973;00-0032384;00-0030068;00-0034347;00-0035062,Cole Kmet;Darnell Mooney;Allen Robinson;Elijah Wilkinson;Damien Williams;Cody Whitehair;Andy Dalton;Germain Ifedi;Marquise Goodwin;James Daniels;Sam Mustipher,00-0033072;00-0035591;00-0035663;00-0035944;00-0034266;00-0031388;00-0036904;00-0034810;00-0034203;00-0033055;00-0036431,Leonard Floyd;Justin Hollins;Taylor Rapp;Jonah Williams;Kenny Young;Aaron Donald;Robert Rochell;Sebastian Joseph-Day;Darious Williams;Jalen Ramsey;Jordan Fuller
2021_01_CHI_LA,2828,pass,-15.0,25.0,40.0,47.0,11:46,10:59,,27.0,14.0,1.0,10.0,"3 DL, 3 LB, 5 DB",;;;;;;;;;;,11,6,4,,,,00-0036309;00-0031428;00-0033676;00-0030874;00-0035685;00-0032768;00-0027973;00-0032384;00-0030068;00-0034347;00-0035062,Darnell Mooney;Allen Robinson;Elijah Wilkinson;Damien Williams;David Montgomery;Cody Whitehair;Andy Dalton;Germain Ifedi;Marquise Goodwin;James Daniels;Sam Mustipher,00-0035591;00-0035663;00-0034813;00-0035944;00-0034266;00-0031388;00-0036904;00-0034810;00-0034203;00-0033055;00-0036431,Justin Hollins;Taylor Rapp;Justin Lawler;Jonah Williams;Kenny Young;Aaron Donald;Robert Rochell;Sebastian Joseph-Day;Darious Williams;Jalen Ramsey;Jordan Fuller
2021_01_CHI_LA,2847,pass,0.0,40.0,40.0,5.0,10:59,10:54,,27.0,14.0,2.0,25.0,"2 DL, 4 LB, 5 DB",;;;;;;;;;;,11,4,4,ZONE_COVERAGE,COVER_3,True,00-0036290;00-0036309;00-0031428;00-0033676;00-0035685;00-0032768;00-0031868;00-0027973;00-0032384;00-0034347;00-0035062,Cole Kmet;Darnell Mooney;Allen Robinson;Elijah Wilkinson;David Montgomery;Cody Whitehair;Damiere Byrd;Andy Dalton;Germain Ifedi;James Daniels;Sam Mustipher,00-0033072;00-0035591;00-0035663;00-0035617;00-0035667;00-0034266;00-0036904;00-0031388;00-0034203;00-0033055;00-0036431,Leonard Floyd;Justin Hollins;Taylor Rapp;Troy Reeder;Greg Gaines;Kenny Young;Robert Rochell;Aaron Donald;Darious Williams;Jalen Ramsey;Jordan Fuller
2021_01_CHI_LA,2881,pass,10.0,40.0,30.0,47.0,10:54,10:07,,27.0,14.0,3.0,25.0,"2 DL, 3 LB, 6 DB",;;;;;;;;;;,11,6,3,ZONE_COVERAGE,COVER_4,False,00-0036290;00-0036309;00-0031428;00-0033676;00-0035685;00-0032768;00-0031868;00-0027973;00-0032384;00-0034347;00-0035062,Cole Kmet;Darnell Mooney;Allen Robinson;Elijah Wilkinson;David Montgomery;Cody Whitehair;Damiere Byrd;Andy Dalton;Germain Ifedi;James Daniels;Sam Mustipher,00-0033072;00-0035591;00-0035933;00-0035663;00-0034266;00-0031388;00-0036904;00-0034203;00-0035669;00-0033055;00-0036431,Leonard Floyd;Justin Hollins;Michael Hoecht;Taylor Rapp;Kenny Young;Aaron Donald;Robert Rochell;Darious Williams;Nick Scott;Jalen Ramsey;Jordan Fuller
2021_01_CHI_LA,2905,pass,0.0,30.0,30.0,6.0,10:07,10:01,,27.0,14.0,4.0,15.0,"2 DL, 3 LB, 6 DB",;;;;;;;;;;,11,6,4,ZONE_COVERAGE,COVER_3,False,00-0036309;00-0032135;00-0031428;00-0033676;00-0035685;00-0032768;00-0031868;00-0027973;00-0032384;00-0034347;00-0035062,Darnell Mooney;Jesse James;Allen Robinson;Elijah Wilkinson;David Montgomery;Cody Whitehair;Damiere Byrd;Andy Dalton;Germain Ifedi;James Daniels;Sam Mustipher,00-0033072;00-0035591;00-0035663;00-0034266;00-0031388;00-0036904;00-0034810;00-0034203;00-0035669;00-0033055;00-0036431,Leonard Floyd;Justin Hollins;Taylor Rapp;Kenny Young;Aaron Donald;Robert Rochell;Sebastian Joseph-Day;Darious Williams;Nick Scott;Jalen Ramsey;Jordan Fuller
2021_01_CHI_LA,2927,run,5.0,70.0,65.0,38.0,10:01,9:23,,27.0,14.0,1.0,10.0,"3 DL, 4 LB, 4 DB",;;;;;;;;;;,11,7,,,,,00-0032242;00-0034804;00-0033246;00-0033110;00-0035664;00-0035668;00-0033908;00-0026498;00-0030431;00-0024270;00-0034261,Rob Havenstein;Brian Allen;Johnny Mundt;Tyler Higbee;Darrell Henderson;David Edwards;Cooper Kupp;Matthew Stafford;Robert Woods;Andrew Whitworth;Austin Corbett,00-0034387;00-0030527;00-0036292;00-0032107;00-0031040;00-0036909;00-0028924;00-0036307;00-0033784;00-0034874;00-0027952,Bilal Nichols;Alec Ogletree;Jaylon Johnson;Angelo Blackson;Khalil Mack;Khyiris Tonga;Tashaun Gipson;Kindle Vildor;Eddie Jackson;Roquan Smith;Robert Quinn
2021_01_CHI_LA,2948,run,8.0,65.0,57.0,46.0,9:23,8:37,,27.0,14.0,2.0,5.0,"3 DL, 4 LB, 4 DB",;;;;;;;;;;,11,6,,,,,00-0032242;00-0034804;00-0033246;00-0033110;00-0035664;00-0035668;00-0033908;00-0026498;00-0024270;00-0030431;00-0034261,Rob Havenstein;Brian Allen;Johnny Mundt;Tyler Higbee;Darrell Henderson;David Edwards;Cooper Kupp;Matthew Stafford;Andrew Whitworth;Robert Woods;Austin Corbett,00-0034387;00-0030527;00-0036292;00-0032107;00-0031040;00-0036909;00-0028924;00-0036307;00-0033784;00-0034874;00-0027952,Bilal Nichols;Alec Ogletree;Jaylon Johnson;Angelo Blackson;Khalil Mack;Khyiris Tonga;Tashaun Gipson;Kindle Vildor;Eddie Jackson;Roquan Smith;Robert Quinn
2021_01_CHI_LA,2969,run,9.0,57.0,48.0,41.0,8:37,7:56,,27.0,14.0,1.0,10.0,"2 DL, 4 LB, 5 DB",;;;;;;;;;;,11,6,,,,,00-0032242;00-0034804;00-0033110;00-0035664;00-0035668;00-0033908;00-0036415;00-0026498;00-0030431;00-0024270;00-0034261,Rob Havenstein;Brian Allen;Tyler Higbee;Darrell Henderson;David Edwards;Cooper Kupp;Van Jefferson;Matthew Stafford;Robert Woods;Andrew Whitworth;Austin Corbett,00-0032786;00-0034387;00-0030527;00-0036292;00-0032107;00-0031040;00-0028924;00-0036307;00-0033784;00-0034874;00-0027952,Marqui Christian;Bilal Nichols;Alec Ogletree;Jaylon Johnson;Angelo Blackson;Khalil Mack;Tashaun Gipson;Kindle Vildor;Eddie Jackson;Roquan Smith;Robert Quinn
2021_01_CHI_LA,3012,run,5.0,33.0,28.0,47.0,7:56,7:09,,27.0,14.0,1.0,10.0,"2 DL, 4 LB, 5 DB",;;;;;;;;;;,11,7,,,,,00-0032242;00-0034804;00-0033110;00-0035664;00-0035668;00-0033908;00-0036415;00-0026498;00-0024270;00-0030431;00-0034261,Rob Havenstein;Brian Allen;Tyler Higbee;Darrell Henderson;David Edwards;Cooper Kupp;Van Jefferson;Matthew Stafford;Andrew Whitworth;Robert Woods;Austin Corbett,00-0032786;00-0036292;00-0032107;00-0031040;00-0028924;00-0031130;00-0029657;00-0036307;00-0033784;00-0034874;00-0031258,Marqui Christian;Jaylon Johnson;Angelo Blackson;Khalil Mack;Tashaun Gipson;Christian Jones;Akiem Hicks;Kindle Vildor;Eddie Jackson;Roquan Smith;Jeremiah Attaochu
2021_01_CHI_LA,3033,run,2.0,28.0,26.0,20.0,7:09,6:49,,27.0,14.0,2.0,5.0,"2 DL, 4 LB, 5 DB",;;;;;;;;;;,11,7,,,,,00-0032242;00-0034804;00-0033110;00-0035664;00-0035668;00-0033908;00-0036415;00-0026498;00-0024270;00-0030431;00-0034261,Rob Havenstein;Brian Allen;Tyler Higbee;Darrell Henderson;David Edwards;Cooper Kupp;Van Jefferson;Matthew Stafford;Andrew Whitworth;Robert Woods;Austin Corbett,00-0032786;00-0036292;00-0032107;00-0031040;00-0028924;00-0031130;00-0036307;00-0029657;00-0033784;00-0034874;00-0031258,Marqui Christian;Jaylon Johnson;Angelo Blackson;Khalil Mack;Tashaun Gipson;Christian Jones;Kindle Vildor;Akiem Hicks;Eddie Jackson;Roquan Smith;Jeremiah Attaochu
2021_01_CHI_LA,3054,no_play,0.0,26.0,26.0,8.0,6:49,6:41,,27.0,14.0,3.0,3.0,"2 DL, 4 LB, 5 DB",;;;;;;;;;;,11,6,,,,,00-0032242;00-0034804;00-0033110;00-0035664;00-0035668;00-0033908;00-0036415;00-0026498;00-0024270;00-0030431;00-0034261,Rob Havenstein;Brian Allen;Tyler Higbee;Darrell Henderson;David Edwards;Cooper Kupp;Van Jefferson;Matthew Stafford;Andrew Whitworth;Robert Woods;Austin Corbett,00-0032786;00-0036292;00-0032107;00-0031040;00-0028924;00-0031130;00-0036307;00-0029657;00-0034874;00-0033784;00-0031258,Marqui Christian;Jaylon Johnson;Angelo Blackson;Khalil Mack;Tashaun Gipson;Christian Jones;Kindle Vildor;Akiem Hicks;Roquan Smith;Eddie Jackson;Jeremiah Attaochu
2021_01_CHI_LA,3087,pass,15.0,36.0,21.0,48.0,6:41,5:53,,27.0,14.0,3.0,13.0,"2 DL, 4 LB, 5 DB",;;;;;;;;;;,11,6,6,ZONE_COVERAGE,COVER_4,False,00-0032242;00-0034804;00-0033110;00-0035664;00-0035668;00-0033908;00-0036415;00-0026498;00-0030431;00-0024270;00-0034261,Rob Havenstein;Brian Allen;Tyler Higbee;Darrell Henderson;David Edwards;Cooper Kupp;Van Jefferson;Matthew Stafford;Robert Woods;Andrew Whitworth;Austin Corbett,00-0032786;00-0030527;00-0036292;00-0032107;00-0031040;00-0028924;00-0036307;00-0029657;00-0033784;00-0034874;00-0027952,Marqui Christian;Alec Ogletree;Jaylon Johnson;Angelo Blackson;Khalil Mack;Tashaun Gipson;Kindle Vildor;Akiem Hicks;Eddie Jackson;Roquan Smith;Robert Quinn
2021_01_CHI_LA,3111,no_play,0.0,21.0,21.0,31.0,5:53,5:22,,27.0,14.0,1.0,10.0,"3 DL, 4 LB, 4 DB",;;;;;;;;;;,11,8,,,,,00-0032242;00-0034804;00-0033246;00-0033110;00-0035664;00-0035668;00-0033908;00-0026498;00-0024270;00-0030431;00-0034261,Rob Havenstein;Brian Allen;Johnny Mundt;Tyler Higbee;Darrell Henderson;David Edwards;Cooper Kupp;Matthew Stafford;Andrew Whitworth;Robert Woods;Austin Corbett,00-0030527;00-0036292;00-0032107;00-0036909;00-0036305;00-0028924;00-0029657;00-0036307;00-0033784;00-0034874;00-0027952,Alec Ogletree;Jaylon Johnson;Angelo Blackson;Khyiris Tonga;Trevis Gipson;Tashaun Gipson;Akiem Hicks;Kindle Vildor;Eddie Jackson;Roquan Smith;Robert Quinn
2021_01_CHI_LA,3154,pass,9.0,31.0,22.0,38.0,5:22,4:44,,27.0,14.0,1.0,20.0,"3 DL, 4 LB, 4 DB",;;;;;;;;;;,11,6,5,ZONE_COVERAGE,COVER_3,False,00-0032242;00-0034804;00-0033110;00-0035668;00-0033908;00-0036415;00-0034845;00-0026498;00-0030431;00-0024270;00-0034261,Rob Havenstein;Brian Allen;Tyler Higbee;David Edwards;Cooper Kupp;Van Jefferson;Sony Michel;Matthew Stafford;Robert Woods;Andrew Whitworth;Austin Corbett,00-0030527;00-0036292;00-0032107;00-0036909;00-0036305;00-0028924;00-0036307;00-0029657;00-0033784;00-0034874;00-0027952,Alec Ogletree;Jaylon Johnson;Angelo Blackson;Khyiris Tonga;Trevis Gipson;Tashaun Gipson;Kindle Vildor;Akiem Hicks;Eddie Jackson;Roquan Smith;Robert Quinn
2021_01_CHI_LA,3182,run,2.0,22.0,20.0,45.0,4:44,3:59,,27.0,14.0,2.0,11.0,"2 DL, 4 LB, 5 DB",;;;;;;;;;;,11,7,,,,,00-0032242;00-0034804;00-0033110;00-0035668;00-0033908;00-0036415;00-0026498;00-0034845;00-0024270;00-0030431;00-0034261,Rob Havenstein;Brian Allen;Tyler Higbee;David Edwards;Cooper Kupp;Van Jefferson;Matthew Stafford;Sony Michel;Andrew Whitworth;Robert Woods;Austin Corbett,00-0032786;00-0030527;00-0036292;00-0032107;00-0028924;00-0029657;00-0036307;00-0033784;00-0034874;00-0027952;00-0031258,Marqui Christian;Alec Ogletree;Jaylon Johnson;Angelo Blackson;Tashaun Gipson;Akiem Hicks;Kindle Vildor;Eddie Jackson;Roquan Smith;Robert Quinn;Jeremiah Attaochu
2021_01_CHI_LA,3203,run,15.0,20.0,5.0,26.0,3:59,3:33,,27.0,14.0,3.0,9.0,"2 DL, 4 LB, 5 DB",;;;;;;;;;;,11,5,,,,,00-0032242;00-0034804;00-0033110;00-0035664;00-0035668;00-0033908;00-0036415;00-0026498;00-0030431;00-0024270;00-0034261,Rob Havenstein;Brian Allen;Tyler Higbee;Darrell Henderson;David Edwards;Cooper Kupp;Van Jefferson;Matthew Stafford;Robert Woods;Andrew Whitworth;Austin Corbett,00-0032786;00-0030527;00-0036292;00-0032107;00-0031040;00-0028924;00-0029657;00-0036307;00-0033784;00-0034874;00-0031258,Marqui Christian;Alec Ogletree;Jaylon Johnson;Angelo Blackson;Khalil Mack;Tashaun Gipson;Akiem Hicks;Kindle Vildor;Eddie Jackson;Roquan Smith;Jeremiah Attaochu
2021_01_CHI_LA,3224,pass,0.0,5.0,5.0,4.0,3:33,3:29,,27.0,14.0,1.0,5.0,"2 DL, 4 LB, 5 DB",;;;;;;;;;;,11,6,3,MAN_COVERAGE,COVER_0,False,00-0032242;00-0034804;00-0033110;00-0035664;00-0035668;00-0033908;00-0036415;00-0026498;00-0024270;00-0030431;00-0034261,Rob Havenstein;Brian Allen;Tyler Higbee;Darrell Henderson;David Edwards;Cooper Kupp;Van Jefferson;Matthew Stafford;Andrew Whitworth;Robert Woods;Austin Corbett,00-0032786;00-0030527;00-0036292;00-0032107;00-0031040;00-0028924;00-0029657;00-0036307;00-0033784;00-0034874;00-0031258,Marqui Christian;Alec Ogletree;Jaylon Johnson;Angelo Blackson;Khalil Mack;Tashaun Gipson;Akiem Hicks;Kindle Vildor;Eddie Jackson;Roquan Smith;Jeremiah Attaochu
2021_01_CHI_LA,3246,run,3.0,5.0,2.0,7.0,3:29,3:22,,27.0,14.0,2.0,5.0,"2 DL, 4 LB, 5 DB",;;;;;;;;;;,11,7,,,,,00-0032242;00-0034804;00-0033110;00-0035664;00-0035668;00-0033908;00-0036415;00-0026498;00-0030431;00-0024270;00-0034261,Rob Havenstein;Brian Allen;Tyler Higbee;Darrell Henderson;David Edwards;Cooper Kupp;Van Jefferson;Matthew Stafford;Robert Woods;Andrew Whitworth;Austin Corbett,00-0032786;00-0034387;00-0030527;00-0036292;00-0031040;00-0028924;00-0036307;00-0029657;00-0033784;00-0034874;00-0031258,Marqui Christian;Bilal Nichols;Alec Ogletree;Jaylon Johnson;Khalil Mack;Tashaun Gipson;Kindle Vildor;Akiem Hicks;Eddie Jackson;Roquan Smith;Jeremiah Attaochu
2021_01_CHI_LA,3267,timeout,0.0,,,0.0,3:22,3:22,CHI,27.0,14.0,,0.0,,,0,,,,,,,,,
2021_01_CHI_LA,3284,pass,2.0,2.0,0.0,5.0,3:22,3:17,,33.0,14.0,3.0,2.0,"2 DL, 4 LB, 5 DB",;;;;;;;;;;,11,9,4,MAN_COVERAGE,COVER_0,True,00-0032242;00-0034804;00-0033110;00-0035668;00-0033908;00-0036415;00-0034845;00-0026498;00-0030431;00-0024270;00-0034261,Rob Havenstein;Brian Allen;Tyler Higbee;David Edwards;Cooper Kupp;Van Jefferson;Sony Michel;Matthew Stafford;Robert Woods;Andrew Whitworth;Austin Corbett,00-0032786;00-0034387;00-0030527;00-0036292;00-0031040;00-0028924;00-0029657;00-0036307;00-0033784;00-0034874;00-0027952,Marqui Christian;Bilal Nichols;Alec Ogletree;Jaylon Johnson;Khalil Mack;Tashaun Gipson;Akiem Hicks;Kindle Vildor;Eddie Jackson;Roquan Smith;Robert Quinn
2021_01_CHI_LA,3320,extra_point,0.0,15.0,15.0,0.0,3:17,3:17,,34.0,14.0,,0.0,,;;;;;;;;;;,11,,,,,,00-0032242;00-0035118;00-0034804;00-0033246;00-0033110;00-0034114;00-0034803;00-0035668;00-0034261;00-0035269;00-0028872,Rob Havenstein;Matthew Orzech;Brian Allen;Johnny Mundt;Tyler Higbee;Coleman Shelton;Joe Noteboom;David Edwards;Austin Corbett;Matt Gay;Johnny Hekker,00-0034387;00-0035293;00-0032107;00-0036909;00-0032790;00-0036305;00-0032774;00-0031130;00-0036307;00-0034874;00-0031258,Bilal Nichols;Xavier Crawford;Angelo Blackson;Khyiris Tonga;DeAndre Houston-Carson;Trevis Gipson;Deon Bush;Christian Jones;Kindle Vildor;Roquan Smith;Jeremiah Attaochu
2021_01_CHI_LA,3336,kickoff,0.0,35.0,35.0,0.0,3:17,3:17,,34.0,14.0,,0.0,,;;;;;;;;;;,11,,,,,,00-0036421;00-0036918;00-0035663;00-0034813;00-0035617;00-0035783;00-0035269;00-0035669;00-0034812;00-0036994;00-0036860,Terrell Burgess;Jacob Harris;Taylor Rapp;Justin Lawler;Troy Reeder;Tyler Hall;Matt Gay;Nick Scott;Travin Howard;Ernest Jones;Jake Funk,00-0036290;00-0032135;00-0032986;00-0035293;00-0036906;00-0032790;00-0036704;00-0032774;00-0034801;00-0031130;00-0031258,Cole Kmet;Jesse James;J.P. Holtz;Xavier Crawford;Khalil Herbert;DeAndre Houston-Carson;Caleb Johnson;Deon Bush;Josh Woods;Christian Jones;Jeremiah Attaochu
2021_01_CHI_LA,3351,pass,5.0,75.0,70.0,18.0,3:17,2:59,,34.0,14.0,1.0,10.0,"2 DL, 3 LB, 6 DB",;;;;;;;;;;,11,5,5,ZONE_COVERAGE,COVER_3,False,00-0036290;00-0036309;00-0031428;00-0033676;00-0030874;00-0032768;00-0031868;00-0027973;00-0032384;00-0034347;00-0035062,Cole Kmet;Darnell Mooney;Allen Robinson;Elijah Wilkinson;Damien Williams;Cody Whitehair;Damiere Byrd;Andy Dalton;Germain Ifedi;James Daniels;Sam Mustipher,00-0033072;00-0035591;00-0035663;00-0035667;00-0034266;00-0031388;00-0036904;00-0034203;00-0035669;00-0033055;00-0036431,Leonard Floyd;Justin Hollins;Taylor Rapp;Greg Gaines;Kenny Young;Aaron Donald;Robert Rochell;Darious Williams;Nick Scott;Jalen Ramsey;Jordan Fuller
2021_01_CHI_LA,3375,pass,6.0,70.0,64.0,20.0,2:59,2:39,,34.0,14.0,2.0,5.0,"2 DL, 3 LB, 6 DB",;;;;;;;;;;,11,6,4,ZONE_COVERAGE,COVER_4,False,00-0036290;00-0036309;00-0031428;00-0033676;00-0030874;00-0032768;00-0031868;00-0027973;00-0032384;00-0034347;00-0035062,Cole Kmet;Darnell Mooney;Allen Robinson;Elijah Wilkinson;Damien Williams;Cody Whitehair;Damiere Byrd;Andy Dalton;Germain Ifedi;James Daniels;Sam Mustipher,00-0033072;00-0035591;00-0035663;00-0035667;00-0034266;00-0031388;00-0036904;00-0034203;00-0035669;00-0033055;00-0036431,Leonard Floyd;Justin Hollins;Taylor Rapp;Greg Gaines;Kenny Young;Aaron Donald;Robert Rochell;Darious Williams;Nick Scott;Jalen Ramsey;Jordan Fuller
2021_01_CHI_LA,3399,pass,0.0,64.0,64.0,7.0,2:39,2:32,,34.0,14.0,1.0,10.0,"2 DL, 3 LB, 6 DB",;;;;;;;;;;,11,5,4,ZONE_COVERAGE,COVER_6,True,00-0036290;00-0036309;00-0031428;00-0033676;00-0030874;00-0032768;00-0031868;00-0027973;00-0032384;00-0034347;00-0035062,Cole Kmet;Darnell Mooney;Allen Robinson;Elijah Wilkinson;Damien Williams;Cody Whitehair;Damiere Byrd;Andy Dalton;Germain Ifedi;James Daniels;Sam Mustipher,00-0033072;00-0035591;00-0035663;00-0035667;00-0034266;00-0031388;00-0036904;00-0034203;00-0035669;00-0033055;00-0036431,Leonard Floyd;Justin Hollins;Taylor Rapp;Greg Gaines;Kenny Young;Aaron Donald;Robert Rochell;Darious Williams;Nick Scott;Jalen Ramsey;Jordan Fuller
2021_01_CHI_LA,3421,pass,0.0,64.0,64.0,3.0,2:32,2:29,,34.0,14.0,2.0,10.0,"2 DL, 3 LB, 6 DB",;;;;;;;;;;,11,5,4,ZONE_COVERAGE,COVER_3,False,00-0036290;00-0036309;00-0031428;00-0033676;00-0030874;00-0032768;00-0031868;00-0027973;00-0032384;00-0034347;00-0035062,Cole Kmet;Darnell Mooney;Allen Robinson;Elijah Wilkinson;Damien Williams;Cody Whitehair;Damiere Byrd;Andy Dalton;Germain Ifedi;James Daniels;Sam Mustipher,00-0035591;00-0035663;00-0036419;00-0035667;00-0034266;00-0031388;00-0036904;00-0034203;00-0035669;00-0033055;00-0036431,Justin Hollins;Taylor Rapp;Terrell Lewis;Greg Gaines;Kenny Young;Aaron Donald;Robert Rochell;Darious Williams;Nick Scott;Jalen Ramsey;Jordan Fuller
2021_01_CHI_LA,3472,pass,0.0,64.0,64.0,6.0,2:29,2:23,,34.0,14.0,3.0,10.0,"2 DL, 3 LB, 6 DB",;;;;;;;;;;,11,6,4,ZONE_COVERAGE,COVER_6,True,00-0036309;00-0031428;00-0033676;00-0027696;00-0030874;00-0032768;00-0031868;00-0027973;00-0032384;00-0034347;00-0035062,Darnell Mooney;Allen Robinson;Elijah Wilkinson;Jimmy Graham;Damien Williams;Cody Whitehair;Damiere Byrd;Andy Dalton;Germain Ifedi;James Daniels;Sam Mustipher,00-0035591;00-0035663;00-0036419;00-0035667;00-0034266;00-0031388;00-0036904;00-0034203;00-0035669;00-0033055;00-0036431,Justin Hollins;Taylor Rapp;Terrell Lewis;Greg Gaines;Kenny Young;Aaron Donald;Robert Rochell;Darious Williams;Nick Scott;Jalen Ramsey;Jordan Fuller
2021_01_CHI_LA,3494,pass,-9.0,64.0,73.0,5.0,2:23,2:18,,34.0,14.0,4.0,10.0,"2 DL, 3 LB, 6 DB",;;;;;;;;;;,11,6,4,,,,00-0036309;00-0031428;00-0033676;00-0027696;00-0036906;00-0032768;00-0027973;00-0032384;00-0030068;00-0034347;00-0035062,Darnell Mooney;Allen Robinson;Elijah Wilkinson;Jimmy Graham;Khalil Herbert;Cody Whitehair;Andy Dalton;Germain Ifedi;Marquise Goodwin;James Daniels;Sam Mustipher,00-0035591;00-0035663;00-0036419;00-0034266;00-0036904;00-0031388;00-0034810;00-0034203;00-0035669;00-0033055;00-0036431,Justin Hollins;Taylor Rapp;Terrell Lewis;Kenny Young;Robert Rochell;Aaron Donald;Sebastian Joseph-Day;Darious Williams;Nick Scott;Jalen Ramsey;Jordan Fuller
2021_01_CHI_LA,3513,run,3.0,27.0,24.0,18.0,2:18,2:00,,34.0,14.0,1.0,10.0,"3 DL, 4 LB, 4 DB",;;;;;;;;;;,11,7,,,,,00-0032242;00-0034804;00-0033246;00-0033110;00-0035664;00-0035668;00-0033908;00-0026498;00-0024270;00-0030431;00-0034261,Rob Havenstein;Brian Allen;Johnny Mundt;Tyler Higbee;Darrell Henderson;David Edwards;Cooper Kupp;Matthew Stafford;Andrew Whitworth;Robert Woods;Austin Corbett,00-0030148;00-0034387;00-0036292;00-0036909;00-0036305;00-0028924;00-0031130;00-0036307;00-0034874;00-0033784;00-0031258,Damion Square;Bilal Nichols;Jaylon Johnson;Khyiris Tonga;Trevis Gipson;Tashaun Gipson;Christian Jones;Kindle Vildor;Roquan Smith;Eddie Jackson;Jeremiah Attaochu
2021_01_CHI_LA,3551,run,8.0,24.0,16.0,7.0,2:00,1:53,,34.0,14.0,2.0,7.0,"3 DL, 4 LB, 4 DB",;;;;;;;;;;,11,8,,,,,00-0032242;00-0034804;00-0033246;00-0033110;00-0035664;00-0035668;00-0033908;00-0026498;00-0024270;00-0030431;00-0034261,Rob Havenstein;Brian Allen;Johnny Mundt;Tyler Higbee;Darrell Henderson;David Edwards;Cooper Kupp;Matthew Stafford;Andrew Whitworth;Robert Woods;Austin Corbett,00-0030148;00-0034387;00-0036292;00-0036909;00-0036305;00-0028924;00-0031130;00-0036307;00-0034874;00-0033784;00-0031258,Damion Square;Bilal Nichols;Jaylon Johnson;Khyiris Tonga;Trevis Gipson;Tashaun Gipson;Christian Jones;Kindle Vildor;Roquan Smith;Eddie Jackson;Jeremiah Attaochu
2021_01_CHI_LA,3577,qb_kneel,-1.0,16.0,17.0,42.0,1:53,1:11,,34.0,14.0,1.0,10.0,"3 DL, 4 LB, 4 DB",;;;;;;;;;;,11,9,,,,,00-0032242;00-0034804;00-0033246;00-0033110;00-0035664;00-0035668;00-0033908;00-0026498;00-0024270;00-0030431;00-0034261,Rob Havenstein;Brian Allen;Johnny Mundt;Tyler Higbee;Darrell Henderson;David Edwards;Cooper Kupp;Matthew Stafford;Andrew Whitworth;Robert Woods;Austin Corbett,00-0030148;00-0034387;00-0036292;00-0036909;00-0036305;00-0028924;00-0031130;00-0036307;00-0034874;00-0033784;00-0031258,Damion Square;Bilal Nichols;Jaylon Johnson;Khyiris Tonga;Trevis Gipson;Tashaun Gipson;Christian Jones;Kindle Vildor;Roquan Smith;Eddie Jackson;Jeremiah Attaochu
2021_01_CHI_LA,3598,qb_kneel,-2.0,17.0,19.0,37.0,1:11,0:34,,34.0,14.0,2.0,11.0,"3 DL, 4 LB, 4 DB",;;;;;;;;;;,11,9,,,,,00-0032242;00-0034804;00-0033246;00-0033110;00-0035664;00-0036849;00-0035668;00-0036415;00-0026498;00-0024270;00-0034261,Rob Havenstein;Brian Allen;Johnny Mundt;Tyler Higbee;Darrell Henderson;Tutu Atwell;David Edwards;Van Jefferson;Matthew Stafford;Andrew Whitworth;Austin Corbett,00-0030148;00-0034387;00-0036292;00-0036909;00-0036305;00-0028924;00-0031130;00-0036307;00-0033784;00-0034874;00-0031258,Damion Square;Bilal Nichols;Jaylon Johnson;Khyiris Tonga;Trevis Gipson;Tashaun Gipson;Christian Jones;Kindle Vildor;Eddie Jackson;Roquan Smith;Jeremiah Attaochu
2021_01_CHI_LA,3619,qb_kneel,-1.0,19.0,20.0,34.0,0:34,0:00,,34.0,14.0,3.0,13.0,"3 DL, 4 LB, 4 DB",;;;;;;;;;;,11,7,,,,,00-0032242;00-0034804;00-0033246;00-0033110;00-0035664;00-0036849;00-0035668;00-0036415;00-0026498;00-0024270;00-0034261,Rob Havenstein;Brian Allen;Johnny Mundt;Tyler Higbee;Darrell Henderson;Tutu Atwell;David Edwards;Van Jefferson;Matthew Stafford;Andrew Whitworth;Austin Corbett,00-0030148;00-0034387;00-0036292;00-0036909;00-0036305;00-0028924;00-0036307;00-0031130;00-0033784;00-0034874;00-0031258,Damion Square;Bilal Nichols;Jaylon Johnson;Khyiris Tonga;Trevis Gipson;Tashaun Gipson;Kindle Vildor;Christian Jones;Eddie Jackson;Roquan Smith;Jeremiah Attaochu
2021_01_CHI_LA,3640,end_game,,,,0.0,0:00,0:00,,34.0,14.0,,0.0,,,0,,,,,,,,,
